{
    "metrics": {
        "vus": {
            "value": 6,
            "min": 6,
            "max": 50
        },
        "grpc_streams_msgs_sent": {
            "count": 100,
            "rate": 1.1188022463208303
        },
        "http_req_sending": {
            "avg": 0.21378979977193432,
            "min": 0.005948,
            "med": 0.021283,
            "max": 60.702668,
            "p(90)": 0.18433030000000003,
            "p(95)": 0.5700993499999996
        },
        "grpc_req_duration": {
            "max": 89374.132248,
            "p(90)": 89356.7427956,
            "p(95)": 89370.21906905,
            "avg": 88949.64810557998,
            "min": 88817.895603,
            "med": 88918.18077050001
        },
        "notification_timeouts": {
            "count": 2,
            "rate": 0.022376044926416604
        },
        "iterations": {
            "count": 50,
            "rate": 0.5594011231604151
        },
        "transaction_success": {
            "count": 29815,
            "rate": 333.5708897405556
        },
        "data_received": {
            "count": 39232674,
            "rate": 438936.0380037283
        },
        "http_req_duration": {
            "avg": 25.05331697749515,
            "min": 0.961998,
            "med": 12.0128015,
            "max": 320.858101,
            "p(90)": 68.1919817,
            "p(95)": 76.02046225
        },
        "http_req_failed": {
            "passes": 0,
            "fails": 59632,
            "value": 0
        },
        "http_reqs": {
            "count": 59632,
            "rate": 667.1641555260375
        },
        "transfer_request_duration": {
            "p(90)": 68,
            "p(95)": 76,
            "avg": 25.420632525069593,
            "min": 1,
            "med": 13,
            "max": 319
        },
        "grpc_streams": {
            "count": 100,
            "rate": 1.1188022463208303
        },
        "transactions_in_flight": {
            "min": 0,
            "max": 16,
            "value": 0
        },
        "fetch_messages_duration": {
            "avg": 77.40892779286983,
            "min": 10,
            "med": 74,
            "max": 10004,
            "p(90)": 153,
            "p(95)": 183
        },
        "data_sent": {
            "rate": 424641.31427491386,
            "count": 37954993
        },
        "http_req_tls_handshaking": {
            "avg": 0,
            "min": 0,
            "med": 0,
            "max": 0,
            "p(90)": 0,
            "p(95)": 0
        },
        "transactions_started": {
            "rate": 333.59326578548195,
            "count": 29817
        },
        "http_req_connecting": {
            "p(90)": 0,
            "p(95)": 0,
            "avg": 0.0017259227931312046,
            "min": 0,
            "med": 0,
            "max": 16.816363
        },
        "http_req_receiving": {
            "min": 0.008082,
            "med": 0.027957,
            "max": 91.278776,
            "p(90)": 0.1259158,
            "p(95)": 0.43143129999999924,
            "avg": 0.23566512957808014
        },
        "confirmation_check_duration": {
            "avg": 77.85332886131143,
            "min": 10,
            "med": 76,
            "max": 582,
            "p(90)": 143,
            "p(95)": 182
        },
        "vus_max": {
            "max": 50,
            "value": 50,
            "min": 50
        },
        "iteration_duration": {
            "p(95)": 89378.67615775,
            "avg": 88964.68268941999,
            "min": 88842.930868,
            "med": 88938.7189845,
            "max": 89380.720414,
            "p(90)": 89375.9042685
        },
        "total_transaction_duration": {
            "min": 37,
            "med": 195,
            "max": 751,
            "p(90)": 329,
            "p(95)": 390,
            "avg": 206.55918161998994,
            "thresholds": {
                "p(99)<4600": false
            }
        },
        "status_report_duration": {
            "max": 321,
            "p(90)": 69,
            "p(95)": 77,
            "avg": 25.361093409357707,
            "min": 1,
            "med": 12
        },
        "checks": {
            "passes": 119262,
            "fails": 2,
            "value": 0.999983230480279
        },
        "http_req_duration{expected_response:true}": {
            "p(90)": 68.1919817,
            "p(95)": 76.02046225,
            "avg": 25.05331697749515,
            "min": 0.961998,
            "med": 12.0128015,
            "max": 320.858101
        },
        "http_req_waiting": {
            "p(90)": 67.6726525,
            "p(95)": 75.64142014999999,
            "avg": 24.603862048145345,
            "min": 0.921127,
            "med": 11.61228,
            "max": 320.794687
        },
        "http_req_blocked": {
            "p(95)": 0.011433799999999989,
            "avg": 0.016914400657365086,
            "min": 0.001916,
            "med": 0.005934,
            "max": 25.05716,
            "p(90)": 0.009239
        },
        "grpc_streams_msgs_received": {
            "count": 89445,
            "rate": 1000.7126692216666
        },
        "transaction_failure": {
            "count": 2,
            "rate": 0.022376044926416604
        }
    },
    "root_group": {
        "name": "",
        "path": "",
        "id": "d41d8cd98f00b204e9800998ecf8427e",
        "groups": {},
        "checks": {
                "transfer request accepted by SPI": {
                    "path": "::transfer request accepted by SPI",
                    "id": "419a96930eb7943bf5023905eacd3aa6",
                    "passes": 29817,
                    "fails": 0,
                    "name": "transfer request accepted by SPI"
                },
                "pacs.008 notification received by recebedor": {
                    "fails": 2,
                    "name": "pacs.008 notification received by recebedor",
                    "path": "::pacs.008 notification received by recebedor",
                    "id": "93435e0f0af7a25ea42491fbb759fdea",
                    "passes": 29815
                },
                "status report accepted by SPI": {
                    "name": "status report accepted by SPI",
                    "path": "::status report accepted by SPI",
                    "id": "b2cc99870d55467dc3b3f287d32c1531",
                    "passes": 29815,
                    "fails": 0
                },
                "pacs.002 confirmation received by pagador": {
                    "fails": 0,
                    "name": "pacs.002 confirmation received by pagador",
                    "path": "::pacs.002 confirmation received by pagador",
                    "id": "76c74b03eb4032f43e40bf459d63e6fe",
                    "passes": 29815
                }
            }
    }
}