{
    "root_group": {
        "name": "",
        "path": "",
        "id": "d41d8cd98f00b204e9800998ecf8427e",
        "groups": {},
        "checks": {
                "transfer request accepted by SPI": {
                    "path": "::transfer request accepted by SPI",
                    "id": "419a96930eb7943bf5023905eacd3aa6",
                    "passes": 220057,
                    "fails": 0,
                    "name": "transfer request accepted by SPI"
                },
                "status report accepted by SPI": {
                    "passes": 220057,
                    "fails": 0,
                    "name": "status report accepted by SPI",
                    "path": "::status report accepted by SPI",
                    "id": "b2cc99870d55467dc3b3f287d32c1531"
                },
                "confirmation received": {
                    "fails": 0,
                    "name": "confirmation received",
                    "path": "::confirmation received",
                    "id": "cf2b25c1eee1a4f3338ef5954938a451",
                    "passes": 220057
                }
            }
    },
    "metrics": {
        "http_req_receiving": {
            "avg": 2.4051057005752985,
            "min": 0.006378,
            "med": 0.021754,
            "max": 1250.921629,
            "p(90)": 0.36357530000000005,
            "p(95)": 0.4556436499999999
        },
        "data_received": {
            "count": 443634912,
            "rate": 3615125.2755241506
        },
        "vus": {
            "value": 2952,
            "min": 2952,
            "max": 8000
        },
        "http_req_blocked": {
            "min": 0.000853,
            "med": 0.004323,
            "max": 1006.909056,
            "p(90)": 0.006527,
            "p(95)": 0.007683,
            "avg": 2.320394599462935
        },
        "http_req_connecting": {
            "p(90)": 0,
            "p(95)": 0,
            "avg": 2.259027879101778,
            "min": 0,
            "med": 0,
            "max": 588.106262
        },
        "http_req_tls_handshaking": {
            "med": 0,
            "max": 0,
            "p(90)": 0,
            "p(95)": 0,
            "avg": 0,
            "min": 0
        },
        "data_sent": {
            "count": 307332811,
            "rate": 2504416.5438539395
        },
        "http_req_waiting": {
            "avg": 704.9606384099602,
            "min": 0.473013,
            "med": 671.416863,
            "max": 2858.776845,
            "p(90)": 1277.4639024,
            "p(95)": 1442.3771632999994
        },
        "fetch_messages_duration": {
            "avg": 828.1529785464675,
            "min": 5,
            "med": 742,
            "max": 3274,
            "p(90)": 1536,
            "p(95)": 1797
        },
        "http_req_duration": {
            "p(90)": 1281.8744097000001,
            "p(95)": 1447.9517908,
            "avg": 708.4122079677493,
            "min": 0.519971,
            "med": 674.2745205,
            "max": 3186.940822
        },
        "http_req_duration{expected_response:true}": {
            "p(95)": 1447.9517908,
            "avg": 708.4122079677493,
            "min": 0.519971,
            "med": 674.2745205,
            "max": 3186.940822,
            "p(90)": 1281.8744097000001
        },
        "confirmation_check_duration": {
            "p(90)": 1718,
            "p(95)": 1892,
            "avg": 922.4574542050469,
            "min": 17,
            "med": 810,
            "max": 3254
        },
        "iteration_duration": {
            "med": 4467.374226,
            "max": 8716.888386,
            "p(90)": 5286.8224652,
            "p(95)": 5548.0986898,
            "avg": 4317.529294626031,
            "min": 992.193833
        },
        "vus_max": {
            "value": 8000,
            "min": 8000,
            "max": 8000
        },
        "http_req_sending": {
            "avg": 1.04646385716779,
            "min": 0.002917,
            "med": 0.013574,
            "max": 1192.103578,
            "p(90)": 0.023468300000000046,
            "p(95)": 0.07893359999999963
        },
        "http_req_failed": {
            "passes": 0,
            "fails": 880228,
            "value": 0
        },
        "transaction_success": {
            "count": 220057,
            "rate": 1793.2169025417413
        },
        "http_reqs": {
            "count": 880228,
            "rate": 7172.867610166965
        },
        "checks": {
            "passes": 660171,
            "fails": 0,
            "value": 1
        },
        "status_report_duration": {
            "avg": 854.9311223910169,
            "min": 14,
            "med": 760,
            "max": 3447,
            "p(90)": 1655,
            "p(95)": 1882
        },
        "transfer_request_duration": {
            "p(90)": 1540,
            "p(95)": 1786,
            "avg": 856.4600080888133,
            "min": 5,
            "med": 758,
            "max": 3293
        },
        "iterations": {
            "rate": 1793.2169025417413,
            "count": 220057
        },
        "total_transaction_duration": {
            "p(90)": 5082,
            "p(95)": 5329,
            "avg": 4186.540287289203,
            "min": 992,
            "med": 4335,
            "max": 8141,
            "thresholds": {
                "p(99)<4000": true
            }
        }
    }
}