{
    "metrics": {
        "iterations": {
            "count": 78706,
            "rate": 618.8415043113241
        },
        "vus": {
            "max": 8000,
            "value": 193,
            "min": 193
        },
        "status_report_duration": {
            "avg": 2462.4184814372475,
            "min": 21,
            "med": 2451,
            "max": 6872,
            "p(90)": 3690,
            "p(95)": 4090.75
        },
        "http_req_connecting": {
            "p(90)": 0,
            "p(95)": 0,
            "avg": 7.658568611278054,
            "min": 0,
            "med": 0,
            "max": 1051.134971
        },
        "transaction_success": {
            "rate": 618.8415043113241,
            "count": 78706
        },
        "data_received": {
            "count": 158671296,
            "rate": 1247584.4726916293
        },
        "total_transaction_duration": {
            "avg": 12636.042804868752,
            "min": 5176,
            "med": 12580.5,
            "max": 22350,
            "p(90)": 15301.5,
            "p(95)": 16375,
            "thresholds": {
                "p(99)<4000": true
            }
        },
        "http_req_receiving": {
            "p(90)": 0.054209,
            "p(95)": 0.2957740499999997,
            "avg": 0.45830320180481615,
            "min": 0.011958,
            "med": 0.030355,
            "max": 946.437623
        },
        "transfer_request_duration": {
            "avg": 2628.3536579168044,
            "min": 471,
            "med": 2609,
            "max": 6790,
            "p(90)": 3653,
            "p(95)": 4045
        },
        "fetch_messages_duration": {
            "min": 56,
            "med": 3094,
            "max": 8024,
            "p(90)": 4874,
            "p(95)": 5448.75,
            "avg": 3067.036464818438
        },
        "http_req_waiting": {
            "avg": 3122.5920837166564,
            "min": 2.181124,
            "med": 2965.9698935,
            "max": 8448.31493,
            "p(90)": 5080.9041797,
            "p(95)": 5679.178187499999
        },
        "iteration_duration": {
            "avg": 12640.418832046862,
            "min": 5176.499796,
            "med": 12587.480695499999,
            "max": 22349.482778,
            "p(90)": 15307.6361135,
            "p(95)": 16375.328725250001
        },
        "http_req_sending": {
            "p(90)": 0.028095,
            "p(95)": 0.224547,
            "avg": 4.103414257588577,
            "min": 0.005614,
            "med": 0.014946,
            "max": 723.759398
        },
        "confirmation_check_duration": {
            "avg": 4434.184001219729,
            "min": 2,
            "med": 4505,
            "max": 8448,
            "p(90)": 6092,
            "p(95)": 6509
        },
        "http_reqs": {
            "count": 314824,
            "rate": 2475.3660172452965
        },
        "http_req_duration{expected_response:true}": {
            "avg": 3127.1538011760117,
            "min": 2.232646,
            "med": 2966.7095424999998,
            "max": 8448.37858,
            "p(90)": 5081.9141599,
            "p(95)": 5680.51049525
        },
        "vus_max": {
            "value": 8000,
            "min": 8000,
            "max": 8000
        },
        "checks": {
            "fails": 0,
            "passes": 236118,
            "value": 1
        },
        "http_req_duration": {
            "p(90)": 5081.9141599,
            "p(95)": 5680.51049525,
            "avg": 3127.1538011760117,
            "min": 2.232646,
            "med": 2966.7095424999998,
            "max": 8448.37858
        },
        "http_req_tls_handshaking": {
            "max": 0,
            "p(90)": 0,
            "p(95)": 0,
            "avg": 0,
            "min": 0,
            "med": 0
        },
        "http_req_failed": {
            "passes": 0,
            "fails": 314824,
            "value": 0
        },
        "data_sent": {
            "count": 108562196,
            "rate": 853591.7551899577
        },
        "http_req_blocked": {
            "p(95)": 0.009657,
            "avg": 7.712646034463239,
            "min": 0.002078,
            "med": 0.004783,
            "max": 1051.185495,
            "p(90)": 0.0072287000000000115
        }
    },
    "root_group": {
        "id": "d41d8cd98f00b204e9800998ecf8427e",
        "groups": {},
        "checks": {
                "transfer request accepted by SPI": {
                    "fails": 0,
                    "name": "transfer request accepted by SPI",
                    "path": "::transfer request accepted by SPI",
                    "id": "419a96930eb7943bf5023905eacd3aa6",
                    "passes": 78706
                },
                "status report accepted by SPI": {
                    "id": "b2cc99870d55467dc3b3f287d32c1531",
                    "passes": 78706,
                    "fails": 0,
                    "name": "status report accepted by SPI",
                    "path": "::status report accepted by SPI"
                },
                "confirmation received": {
                    "fails": 0,
                    "name": "confirmation received",
                    "path": "::confirmation received",
                    "id": "cf2b25c1eee1a4f3338ef5954938a451",
                    "passes": 78706
                }
            },
        "name": "",
        "path": ""
    }
}