{
    "root_group": {
        "name": "",
        "path": "",
        "id": "d41d8cd98f00b204e9800998ecf8427e",
        "groups": {},
        "checks": {
                "transfer request accepted by SPI": {
                    "name": "transfer request accepted by SPI",
                    "path": "::transfer request accepted by SPI",
                    "id": "419a96930eb7943bf5023905eacd3aa6",
                    "passes": 28918,
                    "fails": 0
                },
                "pacs.008 notification received by recebedor": {
                    "name": "pacs.008 notification received by recebedor",
                    "path": "::pacs.008 notification received by recebedor",
                    "id": "93435e0f0af7a25ea42491fbb759fdea",
                    "passes": 28858,
                    "fails": 60
                },
                "status report accepted by SPI": {
                    "name": "status report accepted by SPI",
                    "path": "::status report accepted by SPI",
                    "id": "b2cc99870d55467dc3b3f287d32c1531",
                    "passes": 28858,
                    "fails": 0
                },
                "pacs.002 confirmation received by pagador": {
                    "name": "pacs.002 confirmation received by pagador",
                    "path": "::pacs.002 confirmation received by pagador",
                    "id": "76c74b03eb4032f43e40bf459d63e6fe",
                    "passes": 28858,
                    "fails": 0
                }
            }
    },
    "metrics": {
        "transactions_started": {
            "rate": 322.9815757252505,
            "count": 28918
        },
        "iteration_duration": {
            "avg": 89080.20565176001,
            "min": 88940.406643,
            "med": 89022.0355425,
            "max": 89533.93235,
            "p(90)": 89532.76051770001,
            "p(95)": 89532.9363003
        },
        "checks": {
            "passes": 115492,
            "fails": 60,
            "value": 0.9994807532539463
        },
        "http_req_duration{expected_response:true}": {
            "max": 298.990866,
            "p(90)": 67.7321855,
            "p(95)": 74.9729595,
            "avg": 26.0409064802337,
            "min": 1.195447,
            "med": 13.233672
        },
        "fetch_messages_duration": {
            "p(95)": 749,
            "avg": 241.76941697212808,
            "min": 10,
            "med": 120,
            "max": 10101,
            "p(90)": 562
        },
        "grpc_streams": {
            "count": 100,
            "rate": 1.1168876676300246
        },
        "http_req_receiving": {
            "avg": 0.1906816778420102,
            "min": 0.008856,
            "med": 0.0295015,
            "max": 68.095101,
            "p(90)": 0.11864250000000001,
            "p(95)": 0.4066395
        },
        "http_req_failed": {
            "passes": 0,
            "fails": 57776,
            "value": 0
        },
        "notification_timeouts": {
            "count": 60,
            "rate": 0.6701326005780147
        },
        "transactions_in_flight": {
            "value": 0,
            "min": 0,
            "max": 52
        },
        "http_reqs": {
            "count": 57776,
            "rate": 645.293018849923
        },
        "vus_max": {
            "value": 50,
            "min": 50,
            "max": 50
        },
        "grpc_req_duration": {
            "med": 88998.831167,
            "max": 89529.326475,
            "p(90)": 89518.9554228,
            "p(95)": 89525.8353655,
            "avg": 89064.19612654998,
            "min": 88917.438837
        },
        "transaction_success": {
            "count": 28858,
            "rate": 322.3114431246725
        },
        "grpc_streams_msgs_sent": {
            "count": 100,
            "rate": 1.1168876676300246
        },
        "http_req_connecting": {
            "med": 0,
            "max": 5.126587,
            "p(90)": 0,
            "p(95)": 0,
            "avg": 0.0004143657227914706,
            "min": 0
        },
        "data_received": {
            "count": 37939446,
            "rate": 423740.9935411526
        },
        "http_req_blocked": {
            "max": 38.156402,
            "p(90)": 0.009535,
            "p(95)": 0.011729,
            "avg": 0.012861926665051272,
            "min": 0.002142,
            "med": 0.006204
        },
        "status_report_duration": {
            "avg": 26.961397186222193,
            "min": 1,
            "med": 14,
            "max": 284,
            "p(90)": 69,
            "p(95)": 76
        },
        "grpc_streams_msgs_received": {
            "rate": 966.9343293740175,
            "count": 86574
        },
        "transaction_failure": {
            "count": 60,
            "rate": 0.6701326005780147
        },
        "total_transaction_duration": {
            "p(95)": 1545.1499999999978,
            "avg": 485.74125025989326,
            "min": 41,
            "med": 305,
            "max": 2261,
            "p(90)": 1154,
            "thresholds": {
                "p(99)<4600": false
            }
        },
        "iterations": {
            "count": 50,
            "rate": 0.5584438338150123
        },
        "vus": {
            "value": 26,
            "min": 26,
            "max": 50
        },
        "data_sent": {
            "count": 36734460,
            "rate": 410282.6535104843
        },
        "http_req_waiting": {
            "avg": 25.631837355112836,
            "min": 1.090897,
            "med": 12.851207500000001,
            "max": 283.904255,
            "p(90)": 67.28393,
            "p(95)": 74.507491
        },
        "transfer_request_duration": {
            "p(95)": 76,
            "avg": 25.790026972819696,
            "min": 1,
            "med": 13,
            "max": 300,
            "p(90)": 67
        },
        "confirmation_check_duration": {
            "avg": 210.34364820846906,
            "min": 10,
            "med": 112,
            "max": 1480,
            "p(90)": 534,
            "p(95)": 686
        },
        "http_req_tls_handshaking": {
            "avg": 0,
            "min": 0,
            "med": 0,
            "max": 0,
            "p(90)": 0,
            "p(95)": 0
        },
        "http_req_sending": {
            "avg": 0.21838744727914478,
            "min": 0.00752,
            "med": 0.022166,
            "max": 95.95582,
            "p(90)": 0.203841,
            "p(95)": 0.62528175
        },
        "http_req_duration": {
            "avg": 26.0409064802337,
            "min": 1.195447,
            "med": 13.233672,
            "max": 298.990866,
            "p(90)": 67.7321855,
            "p(95)": 74.9729595
        }
    }
}