{
    "root_group": {
        "name": "",
        "path": "",
        "id": "d41d8cd98f00b204e9800998ecf8427e",
        "groups": {},
        "checks": {
                "transfer request accepted by SPI": {
                    "name": "transfer request accepted by SPI",
                    "path": "::transfer request accepted by SPI",
                    "id": "419a96930eb7943bf5023905eacd3aa6",
                    "passes": 21874,
                    "fails": 0
                },
                "status report accepted by SPI": {
                    "name": "status report accepted by SPI",
                    "path": "::status report accepted by SPI",
                    "id": "b2cc99870d55467dc3b3f287d32c1531",
                    "passes": 17295,
                    "fails": 0
                },
                "confirmation received": {
                    "passes": 15331,
                    "fails": 0,
                    "name": "confirmation received",
                    "path": "::confirmation received",
                    "id": "cf2b25c1eee1a4f3338ef5954938a451"
                }
            }
    },
    "metrics": {
        "http_req_duration": {
            "max": 4075.857703,
            "p(90)": 2059.0964684,
            "p(95)": 2355.8480370499997,
            "avg": 1104.3566802970731,
            "min": 7.164607,
            "med": 969.5593865
        },
        "http_req_waiting": {
            "p(95)": 2344.1105374,
            "avg": 1098.0058608394288,
            "min": 7.111132,
            "med": 959.614564,
            "max": 3126.099585,
            "p(90)": 2056.4750667
        },
        "data_received": {
            "count": 39059006,
            "rate": 2656195.354049998
        },
        "iteration_duration": {
            "med": 5384.9023195,
            "max": 9148.42342,
            "p(90)": 7235.7858043,
            "p(95)": 7495.25955925,
            "avg": 5039.329842117953,
            "min": 2328.296747
        },
        "http_req_receiving": {
            "p(95)": 0.52002655,
            "avg": 2.1624238500270807,
            "min": 0.004937,
            "med": 0.025173,
            "max": 1638.274054,
            "p(90)": 0.42293970000000003
        },
        "transaction_success": {
            "rate": 1026.9387306351068,
            "count": 15101
        },
        "confirmation_check_duration": {
            "avg": 1169.3970496701108,
            "min": 86,
            "med": 1072,
            "max": 4285,
            "p(90)": 2079,
            "p(95)": 2371.75
        },
        "http_reqs": {
            "count": 81268,
            "rate": 5526.604646132962
        },
        "status_report_duration": {
            "avg": 1013.8572504302927,
            "min": 89,
            "med": 726,
            "max": 4142,
            "p(90)": 2179.9000000000015,
            "p(95)": 2643
        },
        "data_sent": {
            "count": 10113449,
            "rate": 687761.901755042
        },
        "http_req_sending": {
            "avg": 4.188395607606876,
            "min": 0.003045,
            "med": 0.0139105,
            "max": 1568.167332,
            "p(90)": 0.26347960000000004,
            "p(95)": 6.220806849999825
        },
        "iterations": {
            "count": 15092,
            "rate": 1026.3266884805664
        },
        "transfer_request_duration": {
            "min": 180,
            "med": 1235,
            "max": 4158,
            "p(90)": 2531,
            "p(95)": 2904.4500000000007,
            "avg": 1497.5134475412747
        },
        "checks": {
            "fails": 0,
            "passes": 54500,
            "value": 1
        },
        "vus_max": {
            "min": 8000,
            "max": 8000,
            "value": 8000
        },
        "total_transaction_duration": {
            "p(90)": 7094,
            "p(95)": 7357,
            "avg": 5023.143168893003,
            "min": 2329,
            "med": 5380,
            "max": 9434,
            "thresholds": {
                "p(99)<4000": true
            }
        },
        "vus": {
            "max": 8000,
            "value": 8000,
            "min": 8000
        },
        "http_req_blocked": {
            "avg": 45.234392780245955,
            "min": 0.000885,
            "med": 0.004425,
            "max": 1297.35466,
            "p(90)": 0.0564494000000004,
            "p(95)": 366.2815273999999
        },
        "http_req_connecting": {
            "max": 1292.237582,
            "p(90)": 0,
            "p(95)": 364.47290569999956,
            "avg": 43.40998245759721,
            "min": 0,
            "med": 0
        },
        "http_req_failed": {
            "fails": 81268,
            "passes": 0,
            "value": 0
        },
        "http_req_duration{expected_response:true}": {
            "med": 969.5593865,
            "max": 4075.857703,
            "p(90)": 2059.0964684,
            "p(95)": 2355.8480370499997,
            "avg": 1104.3566802970731,
            "min": 7.164607
        },
        "fetch_messages_duration": {
            "avg": 1184.296382786065,
            "min": 98,
            "med": 884,
            "max": 3727,
            "p(90)": 2388.7999999999993,
            "p(95)": 2745
        },
        "http_req_tls_handshaking": {
            "p(95)": 0,
            "avg": 0,
            "min": 0,
            "med": 0,
            "max": 0,
            "p(90)": 0
        }
    }
}