{
    "root_group": {
        "name": "",
        "path": "",
        "id": "d41d8cd98f00b204e9800998ecf8427e",
        "groups": {},
        "checks": {
                "transfer request accepted by SPI": {
                    "name": "transfer request accepted by SPI",
                    "path": "::transfer request accepted by SPI",
                    "id": "419a96930eb7943bf5023905eacd3aa6",
                    "passes": 199537,
                    "fails": 0
                },
                "status report accepted by SPI": {
                    "passes": 199537,
                    "fails": 0,
                    "name": "status report accepted by SPI",
                    "path": "::status report accepted by SPI",
                    "id": "b2cc99870d55467dc3b3f287d32c1531"
                },
                "confirmation received": {
                    "id": "cf2b25c1eee1a4f3338ef5954938a451",
                    "passes": 199537,
                    "fails": 0,
                    "name": "confirmation received",
                    "path": "::confirmation received"
                }
            }
    },
    "metrics": {
        "http_req_sending": {
            "p(90)": 0.040504,
            "p(95)": 0.2535877499999999,
            "avg": 2.7788091497191303,
            "min": 0.003681,
            "med": 0.017526,
            "max": 586.022673
        },
        "http_req_receiving": {
            "avg": 1.6875627054255324,
            "min": 0.006396,
            "med": 0.027339,
            "max": 601.571625,
            "p(90)": 0.2883158,
            "p(95)": 0.4495503999999999
        },
        "transfer_request_duration": {
            "min": 395,
            "med": 2316,
            "max": 8545,
            "p(90)": 3028,
            "p(95)": 3313,
            "avg": 2346.8762535269148
        },
        "vus": {
            "max": 8000,
            "value": 36,
            "min": 36
        },
        "http_req_duration": {
            "avg": 2335.895110832139,
            "min": 143.308028,
            "med": 2322.971474,
            "max": 7411.678225,
            "p(90)": 3005.4388338000003,
            "p(95)": 3267.46797745
        },
        "vus_max": {
            "min": 8000,
            "max": 8000,
            "value": 8000
        },
        "http_req_tls_handshaking": {
            "avg": 0,
            "min": 0,
            "med": 0,
            "max": 0,
            "p(90)": 0,
            "p(95)": 0
        },
        "http_reqs": {
            "count": 399074,
            "rate": 3240.0138346539925
        },
        "http_req_duration{expected_response:true}": {
            "avg": 2335.895110832139,
            "min": 143.308028,
            "med": 2322.971474,
            "max": 7411.678225,
            "p(90)": 3005.4388338000003,
            "p(95)": 3267.46797745
        },
        "http_req_connecting": {
            "avg": 7.149392343129369,
            "min": 0,
            "med": 0,
            "max": 1248.705668,
            "p(90)": 0,
            "p(95)": 0
        },
        "http_req_failed": {
            "passes": 0,
            "fails": 399074,
            "value": 0
        },
        "checks": {
            "passes": 598611,
            "fails": 0,
            "value": 1
        },
        "http_req_blocked": {
            "p(95)": 0.009683349999999978,
            "avg": 7.212253120563988,
            "min": 0.000953,
            "med": 0.005219,
            "max": 1248.862218,
            "p(90)": 0.007814
        },
        "data_received": {
            "count": 15164812,
            "rate": 123120.52571685171
        },
        "status_report_duration": {
            "med": 2350,
            "max": 4524,
            "p(90)": 3093.399999999994,
            "p(95)": 3346,
            "avg": 2384.4508587379783,
            "min": 166
        },
        "confirmation_check_duration": {
            "med": 0,
            "max": 361,
            "p(90)": 0,
            "p(95)": 0,
            "avg": 0.15710870665590843,
            "min": 0
        },
        "iteration_duration": {
            "avg": 4852.475261226607,
            "min": 810.320109,
            "med": 4836.252219,
            "max": 12556.182234,
            "p(90)": 5917.1619458,
            "p(95)": 6142.653851799999
        },
        "fetch_messages_duration": {
            "avg": 0.02982905426061332,
            "min": 0,
            "med": 0,
            "max": 528,
            "p(90)": 0,
            "p(95)": 0
        },
        "data_sent": {
            "count": 98571278,
            "rate": 800283.4171595362
        },
        "iterations": {
            "count": 199537,
            "rate": 1620.0069173269962
        },
        "http_req_waiting": {
            "min": 135.448416,
            "med": 2321.8387475,
            "max": 7388.353736,
            "p(90)": 2999.2963679000004,
            "p(95)": 3255.8039293499996,
            "avg": 2331.428738976967
        },
        "transaction_success": {
            "count": 199537,
            "rate": 1620.0069173269962
        },
        "total_transaction_duration": {
            "avg": 4835.970321293795,
            "min": 809,
            "med": 4831,
            "max": 12083,
            "p(90)": 5869,
            "p(95)": 6098,
            "thresholds": {
                "p(99)<4000": true
            }
        }
    }
}