{
    "metrics": {
        "transaction_success": {
            "count": 199938,
            "rate": 1628.0082132656573
        },
        "vus_max": {
            "value": 8000,
            "min": 7070,
            "max": 8000
        },
        "http_req_tls_handshaking": {
            "avg": 0,
            "min": 0,
            "med": 0,
            "max": 0,
            "p(90)": 0,
            "p(95)": 0
        },
        "http_req_sending": {
            "max": 1812.171879,
            "p(90)": 0.044940999999999995,
            "p(95)": 0.2446455,
            "avg": 3.750029849128053,
            "min": 0.007707,
            "med": 0.017769
        },
        "vus": {
            "value": 3845,
            "min": 0,
            "max": 8000
        },
        "http_req_failed": {
            "passes": 0,
            "fails": 399876,
            "value": 0
        },
        "http_req_receiving": {
            "p(95)": 0.474511,
            "avg": 1.7766935701417654,
            "min": 0.008807,
            "med": 0.025321,
            "max": 1576.262595,
            "p(90)": 0.36418649999999997
        },
        "http_req_blocked": {
            "avg": 7.169164588375199,
            "min": 0.002041,
            "med": 0.005145,
            "max": 2958.550864,
            "p(90)": 0.007775499999999999,
            "p(95)": 0.009729
        },
        "confirmation_check_duration": {
            "p(95)": 0,
            "avg": 0.06317458412107753,
            "min": 0,
            "med": 0,
            "max": 473,
            "p(90)": 0
        },
        "http_req_waiting": {
            "med": 2133.416588,
            "max": 8324.033667,
            "p(90)": 3250.846677,
            "p(95)": 3617.59250075,
            "avg": 2193.4466373848536,
            "min": 1.194929
        },
        "http_reqs": {
            "rate": 3256.0164265313147,
            "count": 399876
        },
        "http_req_connecting": {
            "avg": 6.772046705371163,
            "min": 0,
            "med": 0,
            "max": 1751.557972,
            "p(90)": 0,
            "p(95)": 0
        },
        "data_received": {
            "count": 15195288,
            "rate": 123728.62420818997
        },
        "iterations": {
            "count": 199938,
            "rate": 1628.0082132656573
        },
        "http_req_duration": {
            "max": 8324.125761,
            "p(90)": 3254.1141399999997,
            "p(95)": 3621.9407255,
            "avg": 2198.9733608040365,
            "min": 1.289699,
            "med": 2134.754529
        },
        "checks": {
            "passes": 599814,
            "fails": 0,
            "value": 1
        },
        "data_sent": {
            "count": 241231963,
            "rate": 1964247.0019015754
        },
        "total_transaction_duration": {
            "avg": 4763.276290650101,
            "min": 340,
            "med": 4699,
            "max": 13746,
            "p(90)": 6234,
            "p(95)": 6931,
            "thresholds": {
                "p(99)<4000": true
            }
        },
        "http_req_duration{expected_response:true}": {
            "min": 1.289699,
            "med": 2134.754529,
            "max": 8324.125761,
            "p(90)": 3254.1141399999997,
            "p(95)": 3621.9407255,
            "avg": 2198.9733608040365
        },
        "transfer_request_duration": {
            "max": 9796,
            "p(90)": 3390,
            "p(95)": 3758,
            "avg": 2355.894162190279,
            "min": 17,
            "med": 2226
        },
        "fetch_messages_duration": {
            "avg": 0.04544408766717682,
            "min": 0,
            "med": 0,
            "max": 666,
            "p(90)": 0,
            "p(95)": 0
        },
        "status_report_duration": {
            "min": 23,
            "med": 2119,
            "max": 5995,
            "p(90)": 3242,
            "p(95)": 3593,
            "avg": 2179.4733617421402
        },
        "iteration_duration": {
            "max": 14201.258184,
            "p(90)": 6325.329428800001,
            "p(95)": 6968.137615999999,
            "avg": 4794.228992065476,
            "min": 339.698705,
            "med": 4719.1000445
        }
    },
    "root_group": {
        "path": "",
        "id": "d41d8cd98f00b204e9800998ecf8427e",
        "groups": {},
        "checks": {
                "transfer request accepted by SPI": {
                    "name": "transfer request accepted by SPI",
                    "path": "::transfer request accepted by SPI",
                    "id": "419a96930eb7943bf5023905eacd3aa6",
                    "passes": 199938,
                    "fails": 0
                },
                "status report accepted by SPI": {
                    "name": "status report accepted by SPI",
                    "path": "::status report accepted by SPI",
                    "id": "b2cc99870d55467dc3b3f287d32c1531",
                    "passes": 199938,
                    "fails": 0
                },
                "confirmation received": {
                    "passes": 199938,
                    "fails": 0,
                    "name": "confirmation received",
                    "path": "::confirmation received",
                    "id": "cf2b25c1eee1a4f3338ef5954938a451"
                }
            },
        "name": ""
    }
}