{
    "metrics": {
        "iteration_duration": {
            "p(90)": 11343.0981732,
            "p(95)": 11707.874490799999,
            "avg": 10428.033678079202,
            "min": 5392.70777,
            "med": 10422.85697,
            "max": 19904.469872
        },
        "vus": {
            "value": 1349,
            "min": 0,
            "max": 8000
        },
        "vus_max": {
            "value": 8000,
            "min": 7570,
            "max": 8000
        },
        "checks": {
            "passes": 286077,
            "fails": 0,
            "value": 1
        },
        "total_transaction_duration": {
            "min": 5393,
            "med": 10423,
            "max": 19899,
            "p(90)": 11343,
            "p(95)": 11708,
            "avg": 10427.98980694009,
            "thresholds": {
                "p(99)<4000": true
            }
        },
        "http_req_blocked": {
            "p(95)": 0.008353,
            "avg": 18.691592381423607,
            "min": 0.002274,
            "med": 0.004916,
            "max": 2200.930993,
            "p(90)": 0.00684
        },
        "http_req_waiting": {
            "avg": 2582.352532597376,
            "min": 3.338521,
            "med": 2505.770746,
            "max": 10942.504198,
            "p(90)": 3145.0067010000002,
            "p(95)": 3308.669873
        },
        "http_req_tls_handshaking": {
            "p(90)": 0,
            "p(95)": 0,
            "avg": 0,
            "min": 0,
            "med": 0,
            "max": 0
        },
        "status_report_duration": {
            "p(90)": 3030,
            "p(95)": 3168,
            "avg": 2499.0170828133682,
            "min": 1260,
            "med": 2429,
            "max": 4556
        },
        "fetch_messages_duration": {
            "avg": 2563.5509495695214,
            "min": 1887,
            "med": 2454,
            "max": 4580,
            "p(90)": 3129,
            "p(95)": 3315
        },
        "data_sent": {
            "count": 131562831,
            "rate": 1038297.1266046646
        },
        "iterations": {
            "count": 95359,
            "rate": 752.575594058889
        },
        "http_req_duration": {
            "avg": 2587.1018679357553,
            "min": 3.386862,
            "med": 2507.2340075,
            "max": 10942.600284,
            "p(90)": 3154.831422,
            "p(95)": 3322.5720712499997
        },
        "http_req_connecting": {
            "med": 0,
            "max": 2200.876232,
            "p(90)": 0,
            "p(95)": 0,
            "avg": 18.594719058056906,
            "min": 0
        },
        "transaction_success": {
            "rate": 752.575594058889,
            "count": 95359
        },
        "http_reqs": {
            "count": 381436,
            "rate": 3010.302376235556
        },
        "confirmation_check_duration": {
            "med": 2564,
            "max": 4572,
            "p(90)": 3094,
            "p(95)": 3245,
            "avg": 2574.923929571409,
            "min": 4
        },
        "http_req_duration{expected_response:true}": {
            "avg": 2587.1018679357553,
            "min": 3.386862,
            "med": 2507.2340075,
            "max": 10942.600284,
            "p(90)": 3154.831422,
            "p(95)": 3322.5720712499997
        },
        "http_req_sending": {
            "avg": 4.618500116040389,
            "min": 0.007062,
            "med": 0.016823,
            "max": 1629.786447,
            "p(90)": 0.0287065,
            "p(95)": 0.08734325
        },
        "http_req_receiving": {
            "max": 644.31605,
            "p(90)": 0.056969,
            "p(95)": 0.071768,
            "avg": 0.13083522233612427,
            "min": 0.014237,
            "med": 0.036162
        },
        "http_req_failed": {
            "passes": 0,
            "fails": 381436,
            "value": 0
        },
        "transfer_request_duration": {
            "p(90)": 3393,
            "p(95)": 3693,
            "avg": 2788.2900722532745,
            "min": 1379,
            "med": 2634,
            "max": 11172
        },
        "data_received": {
            "count": 192243744,
            "rate": 1517192.39762272
        }
    },
    "root_group": {
        "groups": {},
        "checks": {
                "transfer request accepted by SPI": {
                    "name": "transfer request accepted by SPI",
                    "path": "::transfer request accepted by SPI",
                    "id": "419a96930eb7943bf5023905eacd3aa6",
                    "passes": 95359,
                    "fails": 0
                },
                "status report accepted by SPI": {
                    "name": "status report accepted by SPI",
                    "path": "::status report accepted by SPI",
                    "id": "b2cc99870d55467dc3b3f287d32c1531",
                    "passes": 95359,
                    "fails": 0
                },
                "confirmation received": {
                    "id": "cf2b25c1eee1a4f3338ef5954938a451",
                    "passes": 95359,
                    "fails": 0,
                    "name": "confirmation received",
                    "path": "::confirmation received"
                }
            },
        "name": "",
        "path": "",
        "id": "d41d8cd98f00b204e9800998ecf8427e"
    }
}