{
    "root_group": {
        "name": "",
        "path": "",
        "id": "d41d8cd98f00b204e9800998ecf8427e",
        "groups": {},
        "checks": {
                "transfer request accepted by SPI": {
                    "fails": 0,
                    "name": "transfer request accepted by SPI",
                    "path": "::transfer request accepted by SPI",
                    "id": "419a96930eb7943bf5023905eacd3aa6",
                    "passes": 217976
                },
                "status report accepted by SPI": {
                    "name": "status report accepted by SPI",
                    "path": "::status report accepted by SPI",
                    "id": "b2cc99870d55467dc3b3f287d32c1531",
                    "passes": 217976,
                    "fails": 0
                },
                "confirmation received": {
                    "name": "confirmation received",
                    "path": "::confirmation received",
                    "id": "cf2b25c1eee1a4f3338ef5954938a451",
                    "passes": 217976,
                    "fails": 0
                }
            }
    },
    "metrics": {
        "http_req_waiting": {
            "p(90)": 744.9057136,
            "p(95)": 887.7758888499998,
            "avg": 412.2930678147782,
            "min": 0.447262,
            "med": 366.860992,
            "max": 2245.041553
        },
        "http_req_failed": {
            "passes": 0,
            "fails": 871904,
            "value": 0
        },
        "status_report_duration": {
            "avg": 627.212486695783,
            "min": 15,
            "med": 588,
            "max": 2711,
            "p(90)": 1011,
            "p(95)": 1146
        },
        "confirmation_check_duration": {
            "avg": 683.30030370316,
            "min": 23,
            "med": 663,
            "max": 2842,
            "p(90)": 1074,
            "p(95)": 1229
        },
        "transaction_success": {
            "count": 217976,
            "rate": 1780.6612715442534
        },
        "http_reqs": {
            "count": 871904,
            "rate": 7122.645086177014
        },
        "iteration_duration": {
            "med": 4393.9277999999995,
            "max": 7729.461461,
            "p(90)": 5465.098766499999,
            "p(95)": 5734.1321,
            "avg": 4241.377460371945,
            "min": 888.520782
        },
        "checks": {
            "passes": 653928,
            "fails": 0,
            "value": 1
        },
        "vus": {
            "max": 8000,
            "value": 4367,
            "min": 4367
        },
        "http_req_receiving": {
            "p(90)": 0.25503840000000016,
            "p(95)": 0.44084609999999985,
            "avg": 2.2318169090369677,
            "min": 0.004698,
            "med": 0.021296,
            "max": 1315.167735
        },
        "iterations": {
            "count": 217976,
            "rate": 1780.6612715442534
        },
        "http_req_blocked": {
            "p(95)": 0.008168,
            "avg": 5.283436707123618,
            "min": 0.000709,
            "med": 0.004074,
            "max": 1471.071792,
            "p(90)": 0.006604
        },
        "http_req_connecting": {
            "p(90)": 0,
            "p(95)": 0,
            "avg": 5.188634466096034,
            "min": 0,
            "med": 0,
            "max": 1471.008012
        },
        "transfer_request_duration": {
            "p(95)": 1246,
            "avg": 671.6707527434213,
            "min": 20,
            "med": 626,
            "max": 2634,
            "p(90)": 1075
        },
        "total_transaction_duration": {
            "avg": 3952.74419202114,
            "min": 889,
            "med": 4073,
            "max": 7384,
            "p(90)": 5019,
            "p(95)": 5249,
            "thresholds": {
                "p(99)<4000": true
            }
        },
        "http_req_tls_handshaking": {
            "p(95)": 0,
            "avg": 0,
            "min": 0,
            "med": 0,
            "max": 0,
            "p(90)": 0
        },
        "fetch_messages_duration": {
            "p(90)": 1048,
            "p(95)": 1178,
            "avg": 665.661829742724,
            "min": 25,
            "med": 640,
            "max": 2907
        },
        "http_req_duration{expected_response:true}": {
            "p(90)": 753.2197684,
            "p(95)": 893.7085066,
            "avg": 416.9849278106498,
            "min": 0.581879,
            "med": 371.067532,
            "max": 2581.687716
        },
        "http_req_sending": {
            "min": 0.002527,
            "med": 0.012656,
            "max": 1203.684789,
            "p(90)": 0.03249570000000007,
            "p(95)": 0.22149184999999996,
            "avg": 2.460043086857071
        },
        "data_sent": {
            "count": 300938411,
            "rate": 2458387.040719011
        },
        "http_req_duration": {
            "avg": 416.9849278106498,
            "min": 0.581879,
            "med": 371.067532,
            "max": 2581.687716,
            "p(90)": 753.2197684,
            "p(95)": 893.7085066
        },
        "vus_max": {
            "max": 8000,
            "value": 8000,
            "min": 8000
        },
        "data_received": {
            "count": 478390299,
            "rate": 3908003.9917778815
        }
    }
}