{
    "metrics": {
        "data_sent": {
            "rate": 500160.26629820303,
            "count": 7799377
        },
        "http_req_tls_handshaking": {
            "med": 0,
            "max": 0,
            "p(90)": 0,
            "p(95)": 0,
            "avg": 0,
            "min": 0
        },
        "transfer_request_duration": {
            "min": 23,
            "med": 7173.5,
            "max": 15223,
            "p(90)": 14318,
            "p(95)": 14455,
            "avg": 7579.195074709463
        },
        "data_received": {
            "count": 2514365,
            "rate": 161241.78482087495
        },
        "http_req_waiting": {
            "avg": 6519.63359144288,
            "min": 2.984051,
            "med": 5026.756189,
            "max": 14868.181208,
            "p(90)": 13227.9318308,
            "p(95)": 13389.5061389
        },
        "checks": {
            "passes": 2412,
            "fails": 0,
            "value": 1
        },
        "http_req_duration": {
            "min": 3.015554,
            "med": 5030.023303,
            "max": 14868.213301,
            "p(90)": 13241.0704252,
            "p(95)": 13409.901755099998,
            "avg": 6538.944505270524
        },
        "iterations": {
            "count": 1,
            "rate": 0.06412823310095192
        },
        "http_req_duration{expected_response:true}": {
            "min": 3.015554,
            "med": 5030.023303,
            "max": 14868.213301,
            "p(90)": 13241.0704252,
            "p(95)": 13409.901755099998,
            "avg": 6538.944505270524
        },
        "http_req_receiving": {
            "p(90)": 0.08437620000000007,
            "p(95)": 0.11676809999999997,
            "avg": 3.292667953048682,
            "min": 0.00902,
            "med": 0.032836,
            "max": 5160.877784
        },
        "iteration_duration": {
            "max": 14219.24837,
            "p(90)": 14219.24837,
            "p(95)": 14219.24837,
            "avg": 14219.24837,
            "min": 14219.24837,
            "med": 14219.24837
        },
        "http_req_connecting": {
            "avg": 241.46025009358803,
            "min": 0,
            "med": 241.708051,
            "max": 1331.911331,
            "p(90)": 613.0620470000017,
            "p(95)": 674.9230773
        },
        "fetch_messages_duration": {
            "min": 4,
            "med": 3085.5,
            "max": 12707,
            "p(90)": 5438.200000000001,
            "p(95)": 6958.55,
            "avg": 2977.5354497354497
        },
        "status_report_duration": {
            "avg": 15161.5,
            "min": 15102,
            "med": 15161.5,
            "max": 15221,
            "p(90)": 15209.1,
            "p(95)": 15215.05
        },
        "http_req_failed": {
            "passes": 0,
            "fails": 6347,
            "value": 0
        },
        "total_transaction_duration": {
            "avg": 0,
            "min": 0,
            "med": 0,
            "max": 0,
            "p(90)": 0,
            "p(95)": 0,
            "thresholds": {
                "p(99)<4000": false
            }
        },
        "http_reqs": {
            "count": 6347,
            "rate": 407.0218954917418
        },
        "http_req_blocked": {
            "p(95)": 678.9423601,
            "avg": 243.58785305766548,
            "min": 0.001056,
            "med": 243.357909,
            "max": 1331.942311,
            "p(90)": 627.5652428000004
        },
        "http_req_sending": {
            "max": 1101.296358,
            "p(90)": 37.0514218,
            "p(95)": 57.434276499999996,
            "avg": 16.018245874586366,
            "min": 0.003731,
            "med": 2.692916
        },
        "vus": {
            "value": 8000,
            "min": 959,
            "max": 8000
        },
        "vus_max": {
            "min": 8000,
            "max": 8000,
            "value": 8000
        }
    },
    "root_group": {
        "checks": {
            "transfer request accepted by SPI": {
                "name": "transfer request accepted by SPI",
                "path": "::transfer request accepted by SPI",
                "id": "419a96930eb7943bf5023905eacd3aa6",
                "passes": 2412,
                "fails": 0
            }
        },
        "name": "",
        "path": "",
        "id": "d41d8cd98f00b204e9800998ecf8427e",
        "groups": {}
    }
}