{
    "metrics": {
        "http_req_sending": {
            "avg": 12.635479094117644,
            "min": 1.308687,
            "med": 3.362241,
            "max": 44.121458,
            "p(90)": 42.704814400000004,
            "p(95)": 44.0391536
        },
        "transaction_failure": {
            "count": 17,
            "rate": 0.5105782983199162
        },
        "iterations": {
            "count": 17,
            "rate": 0.5105782983199162
        },
        "data_sent": {
            "rate": 212464.81486462077,
            "count": 7074139
        },
        "http_req_failed": {
            "fails": 0,
            "passes": 85,
            "value": 1
        },
        "iteration_duration": {
            "p(90)": 31597.557441200002,
            "p(95)": 33137.966819400004,
            "avg": 24090.921393882352,
            "min": 3352.041653,
            "med": 29325.378236,
            "max": 33174.790645
        },
        "http_req_connecting": {
            "p(90)": 646.453256,
            "p(95)": 648.2661866000001,
            "avg": 425.557733,
            "min": 49.027089,
            "med": 559.11072,
            "max": 649.353889
        },
        "data_received": {
            "count": 57031,
            "rate": 1712.8700547931257
        },
        "vus": {
            "value": 8000,
            "min": 5771,
            "max": 8000
        },
        "http_req_duration": {
            "avg": 27807.528657600003,
            "min": 3300.675344,
            "med": 29869.965824,
            "max": 32638.932458,
            "p(90)": 32529.2220046,
            "p(95)": 32532.4742304
        },
        "http_req_waiting": {
            "avg": 27794.13263635294,
            "min": 3258.34685,
            "med": 29868.522002,
            "max": 32629.690427,
            "p(90)": 32522.539892,
            "p(95)": 32525.1654208
        },
        "http_reqs": {
            "count": 85,
            "rate": 2.552891491599581
        },
        "http_req_blocked": {
            "avg": 425.6495843294116,
            "min": 49.057346,
            "med": 559.143738,
            "max": 649.383888,
            "p(90)": 646.5233254,
            "p(95)": 648.3103704
        },
        "http_req_receiving": {
            "avg": 0.7605421529411763,
            "min": 0.024118,
            "med": 0.071994,
            "max": 38.425598,
            "p(90)": 0.11161420000000004,
            "p(95)": 0.1863733999999998
        },
        "checks": {
            "passes": 0,
            "fails": 83,
            "value": 0
        },
        "total_transaction_duration": {
            "avg": 0,
            "min": 0,
            "med": 0,
            "max": 0,
            "p(90)": 0,
            "p(95)": 0,
            "thresholds": {
                "p(99)<4000": false
            }
        },
        "vus_max": {
            "max": 8000,
            "value": 8000,
            "min": 8000
        },
        "http_req_tls_handshaking": {
            "max": 0,
            "p(90)": 0,
            "p(95)": 0,
            "avg": 0,
            "min": 0,
            "med": 0
        },
        "transfer_request_duration": {
            "p(95)": 33164.85,
            "avg": 30488.75,
            "min": 3352,
            "med": 31925,
            "max": 33175,
            "p(90)": 33129.7
        }
    },
    "root_group": {
        "name": "",
        "path": "",
        "id": "d41d8cd98f00b204e9800998ecf8427e",
        "groups": {},
        "checks": {
                "transfer request accepted by SPI": {
                    "id": "419a96930eb7943bf5023905eacd3aa6",
                    "passes": 0,
                    "fails": 83,
                    "name": "transfer request accepted by SPI",
                    "path": "::transfer request accepted by SPI"
                }
            }
    }
}