{
    "metrics": {
        "http_req_duration": {
            "avg": 40.03937922938578,
            "min": 1.610981,
            "med": 31.355155,
            "max": 324.221378,
            "p(90)": 79.8716752,
            "p(95)": 99.98976899999998
        },
        "grpc_streams_msgs_received": {
            "count": 42097,
            "rate": 427.9285608388582
        },
        "http_req_sending": {
            "p(95)": 6.798193999999992,
            "avg": 1.188204478922748,
            "min": 0.010585,
            "med": 0.030708,
            "max": 138.410242,
            "p(90)": 2.065158000000003
        },
        "transfer_request_duration": {
            "min": 1,
            "med": 33,
            "max": 325,
            "p(90)": 88,
            "p(95)": 110,
            "avg": 43.299199851995745
        },
        "transaction_success": {
            "count": 6037,
            "rate": 61.367905593847226
        },
        "iteration_duration": {
            "max": 98373.691232,
            "p(90)": 98330.32790179999,
            "p(95)": 98367.4818164,
            "avg": 97936.46369147998,
            "min": 97754.07135,
            "med": 97863.889511
        },
        "fetch_messages_duration": {
            "max": 10833,
            "p(90)": 10079,
            "p(95)": 10129,
            "avg": 8441.133666342907,
            "min": 10,
            "med": 10002
        },
        "transactions_started": {
            "rate": 219.78391367311096,
            "count": 21621
        },
        "vus_max": {
            "value": 50,
            "min": 50,
            "max": 50
        },
        "notification_timeouts": {
            "count": 11383,
            "rate": 115.71159009023737
        },
        "http_req_blocked": {
            "max": 167.874984,
            "p(90)": 0.013343,
            "p(95)": 0.02113919999999997,
            "avg": 0.05469205486675699,
            "min": 0.003062,
            "med": 0.008894
        },
        "status_report_duration": {
            "med": 30,
            "max": 315,
            "p(90)": 67,
            "p(95)": 81,
            "avg": 36.025004883766364,
            "min": 2
        },
        "http_req_tls_handshaking": {
            "max": 0,
            "p(90)": 0,
            "p(95)": 0,
            "avg": 0,
            "min": 0,
            "med": 0
        },
        "late_transactions": {
            "rate": 158.41600807926375,
            "count": 15584
        },
        "grpc_req_duration": {
            "min": 97736.553218,
            "med": 97850.053943,
            "max": 98358.696985,
            "p(90)": 98314.0495466,
            "p(95)": 98345.91684565,
            "avg": 97917.56592115999
        },
        "http_req_failed": {
            "passes": 0,
            "fails": 31859,
            "value": 0
        },
        "vus": {
            "value": 11,
            "min": 11,
            "max": 50
        },
        "transactions_in_flight": {
            "max": 203,
            "value": 0,
            "min": 0
        },
        "late_pacs002_confirmations": {
            "rate": 42.704417989026375,
            "count": 4201
        },
        "late_pacs008_notifications": {
            "count": 11383,
            "rate": 115.71159009023737
        },
        "data_sent": {
            "count": 23318591,
            "rate": 237040.43251110413
        },
        "transaction_failure": {
            "count": 15584,
            "rate": 158.41600807926375
        },
        "total_transaction_duration": {
            "avg": 13753.501855831217,
            "min": 172,
            "med": 14114,
            "max": 20718,
            "p(90)": 17778.200000000004,
            "p(95)": 18925.3,
            "thresholds": {
                "p(99)<4600": true
            }
        },
        "grpc_streams": {
            "count": 100,
            "rate": 1.0165298259706348
        },
        "confirmation_check_duration": {
            "avg": 7016.236667317836,
            "min": 98,
            "med": 8170.5,
            "max": 10619,
            "p(90)": 10069,
            "p(95)": 10115
        },
        "iterations": {
            "rate": 0.5082649129853174,
            "count": 50
        },
        "http_req_connecting": {
            "min": 0,
            "med": 0,
            "max": 167.714126,
            "p(90)": 0,
            "p(95)": 0,
            "avg": 0.02074420640949182
        },
        "data_received": {
            "count": 22961013,
            "rate": 233405.54548999487
        },
        "http_req_receiving": {
            "med": 0.041996,
            "max": 136.612141,
            "p(90)": 0.24536860000000021,
            "p(95)": 3.6911719999999946,
            "avg": 0.9716946135785857,
            "min": 0.012318
        },
        "http_req_waiting": {
            "min": 1.554376,
            "med": 29.623468,
            "max": 316.425862,
            "p(90)": 75.96734320000002,
            "p(95)": 94.93491109999998,
            "avg": 37.879480136884496
        },
        "http_req_duration{expected_response:true}": {
            "avg": 40.03937922938578,
            "min": 1.610981,
            "med": 31.355155,
            "max": 324.221378,
            "p(90)": 79.8716752,
            "p(95)": 99.98976899999998
        },
        "checks": {
            "passes": 48134,
            "fails": 15584,
            "value": 0.7554223296399761
        },
        "confirmation_timeouts": {
            "count": 4201,
            "rate": 42.704417989026375
        },
        "grpc_streams_msgs_sent": {
            "count": 100,
            "rate": 1.0165298259706348
        },
        "http_reqs": {
            "count": 31859,
            "rate": 323.8562372559846
        }
    },
    "root_group": {
        "name": "",
        "path": "",
        "id": "d41d8cd98f00b204e9800998ecf8427e",
        "groups": {},
        "checks": {
                "transfer request accepted by SPI": {
                    "passes": 21621,
                    "fails": 0,
                    "name": "transfer request accepted by SPI",
                    "path": "::transfer request accepted by SPI",
                    "id": "419a96930eb7943bf5023905eacd3aa6"
                },
                "pacs.008 notification received by recebedor": {
                    "id": "93435e0f0af7a25ea42491fbb759fdea",
                    "passes": 10238,
                    "fails": 11383,
                    "name": "pacs.008 notification received by recebedor",
                    "path": "::pacs.008 notification received by recebedor"
                },
                "status report accepted by SPI": {
                    "name": "status report accepted by SPI",
                    "path": "::status report accepted by SPI",
                    "id": "b2cc99870d55467dc3b3f287d32c1531",
                    "passes": 10238,
                    "fails": 0
                },
                "pacs.002 confirmation received by pagador": {
                    "name": "pacs.002 confirmation received by pagador",
                    "path": "::pacs.002 confirmation received by pagador",
                    "id": "76c74b03eb4032f43e40bf459d63e6fe",
                    "passes": 6037,
                    "fails": 4201
                }
            }
    }
}