{
    "root_group": {
        "id": "d41d8cd98f00b204e9800998ecf8427e",
        "groups": {},
        "checks": {
                "transfer request accepted by SPI": {
                    "name": "transfer request accepted by SPI",
                    "path": "::transfer request accepted by SPI",
                    "id": "419a96930eb7943bf5023905eacd3aa6",
                    "passes": 73586,
                    "fails": 0
                },
                "status report accepted by SPI": {
                    "path": "::status report accepted by SPI",
                    "id": "b2cc99870d55467dc3b3f287d32c1531",
                    "passes": 73586,
                    "fails": 0,
                    "name": "status report accepted by SPI"
                },
                "confirmation received": {
                    "name": "confirmation received",
                    "path": "::confirmation received",
                    "id": "cf2b25c1eee1a4f3338ef5954938a451",
                    "passes": 73586,
                    "fails": 0
                }
            },
        "name": "",
        "path": ""
    },
    "metrics": {
        "http_req_duration{expected_response:true}": {
            "max": 411.119596,
            "p(90)": 74.15249110000005,
            "p(95)": 95.29836609999998,
            "avg": 39.002939282509274,
            "min": 0.455138,
            "med": 31.7313265
        },
        "http_req_tls_handshaking": {
            "avg": 0,
            "min": 0,
            "med": 0,
            "max": 0,
            "p(90)": 0,
            "p(95)": 0
        },
        "http_req_waiting": {
            "med": 31.2556065,
            "max": 383.120172,
            "p(90)": 72.82497910000002,
            "p(95)": 93.05000059999998,
            "avg": 38.19219242843689,
            "min": 0.425638
        },
        "iterations": {
            "count": 73586,
            "rate": 612.7570229176076
        },
        "http_req_connecting": {
            "avg": 0.043706480692658985,
            "min": 0,
            "med": 0,
            "max": 104.115956,
            "p(90)": 0,
            "p(95)": 0
        },
        "vus": {
            "value": 100,
            "min": 100,
            "max": 100
        },
        "http_req_sending": {
            "avg": 0.18621206342918345,
            "min": 0.002309,
            "med": 0.014975,
            "max": 228.086842,
            "p(90)": 0.030255700000000014,
            "p(95)": 0.09670599999999814
        },
        "checks": {
            "passes": 220758,
            "fails": 0,
            "value": 1
        },
        "http_req_receiving": {
            "p(95)": 0.4292197999999998,
            "avg": 0.6245347906429153,
            "min": 0.005281,
            "med": 0.031293,
            "max": 342.532293,
            "p(90)": 0.13952870000000012
        },
        "http_req_failed": {
            "passes": 0,
            "fails": 294344,
            "value": 0
        },
        "http_req_blocked": {
            "avg": 0.08791139909085834,
            "min": 0.000628,
            "med": 0.004588,
            "max": 121.36988,
            "p(90)": 0.007399700000000012,
            "p(95)": 0.009127
        },
        "data_sent": {
            "count": 101200756,
            "rate": 842707.4982139431
        },
        "data_received": {
            "count": 126503085,
            "rate": 1053402.192733578
        },
        "http_reqs": {
            "count": 294344,
            "rate": 2451.0280916704305
        },
        "http_req_duration": {
            "avg": 39.002939282509274,
            "min": 0.455138,
            "med": 31.7313265,
            "max": 411.119596,
            "p(90)": 74.15249110000005,
            "p(95)": 95.29836609999998
        },
        "vus_max": {
            "value": 100,
            "min": 100,
            "max": 100
        },
        "iteration_duration": {
            "p(95)": 295.36423375,
            "avg": 163.07691463597658,
            "min": 8.944442,
            "med": 155.7999065,
            "max": 645.170061,
            "p(90)": 256.027105
        }
    }
}