{
    "metrics": {
        "vus": {
            "value": 1,
            "min": 1,
            "max": 50
        },
        "confirmation_timeouts": {
            "count": 1042,
            "rate": 10.520757028409854
        },
        "grpc_streams": {
            "count": 100,
            "rate": 1.0096695804615983
        },
        "http_req_waiting": {
            "avg": 29.930098532512837,
            "min": 0.562269,
            "med": 19.287566,
            "max": 349.587617,
            "p(90)": 68.358755,
            "p(95)": 84.075657
        },
        "transfer_request_duration": {
            "avg": 32.48602197324051,
            "min": 1,
            "med": 22,
            "max": 363,
            "p(90)": 73,
            "p(95)": 90
        },
        "notification_timeouts": {
            "count": 26477,
            "rate": 267.33021481881735
        },
        "data_received": {
            "rate": 239415.3448029179,
            "count": 23712247
        },
        "grpc_streams_msgs_received": {
            "rate": 300.70989114887783,
            "count": 29783
        },
        "http_req_connecting": {
            "p(95)": 0,
            "avg": 0.007322129807189429,
            "min": 0,
            "med": 0,
            "max": 60.270346,
            "p(90)": 0
        },
        "iteration_duration": {
            "max": 99041.244908,
            "p(90)": 98876.7507114,
            "p(95)": 98880.69138799999,
            "avg": 98806.32761090001,
            "min": 98648.32924,
            "med": 98814.8339295
        },
        "http_req_blocked": {
            "avg": 0.024711877479864742,
            "min": 0.001215,
            "med": 0.00798,
            "max": 60.752949,
            "p(90)": 0.012308,
            "p(95)": 0.014583
        },
        "http_req_tls_handshaking": {
            "med": 0,
            "max": 0,
            "p(90)": 0,
            "p(95)": 0,
            "avg": 0,
            "min": 0
        },
        "http_req_duration": {
            "avg": 31.74124416111709,
            "min": 0.58347,
            "med": 20.94997,
            "max": 363.426825,
            "p(90)": 71.812205,
            "p(95)": 88.992397
        },
        "grpc_streams_msgs_sent": {
            "count": 100,
            "rate": 1.0096695804615983
        },
        "http_req_sending": {
            "avg": 1.0254780190369857,
            "min": 0.003955,
            "med": 0.0278,
            "max": 139.676163,
            "p(90)": 2.267172,
            "p(95)": 5.916289
        },
        "late_pacs002_confirmations": {
            "count": 1042,
            "rate": 10.520757028409854
        },
        "fetch_messages_duration": {
            "max": 10611,
            "p(90)": 10075,
            "p(95)": 10114,
            "avg": 9802.494905544074,
            "min": 498,
            "med": 10012
        },
        "checks": {
            "passes": 29843,
            "fails": 27519,
            "value": 0.5202573132038631
        },
        "transactions_in_flight": {
            "value": 0,
            "min": 0,
            "max": 250
        },
        "http_req_failed": {
            "passes": 0,
            "fails": 28681,
            "value": 0
        },
        "confirmation_check_duration": {
            "p(95)": 10145,
            "avg": 9857.803085299456,
            "min": 3316,
            "med": 10020,
            "max": 10446,
            "p(90)": 10095.9
        },
        "http_reqs": {
            "rate": 289.583332372191,
            "count": 28681
        },
        "transaction_success": {
            "count": 60,
            "rate": 0.605801748276959
        },
        "iterations": {
            "count": 50,
            "rate": 0.5048347902307991
        },
        "total_transaction_duration": {
            "med": 13634.5,
            "max": 20630,
            "p(90)": 18956.1,
            "p(95)": 19560.55,
            "avg": 14217.080762250454,
            "min": 3865,
            "thresholds": {
                "p(99)<4600": true
            }
        },
        "late_pacs008_notifications": {
            "count": 26477,
            "rate": 267.33021481881735
        },
        "transactions_started": {
            "count": 27579,
            "rate": 278.45677359550416
        },
        "data_sent": {
            "count": 25658482,
            "rate": 259065.88756221472
        },
        "status_report_duration": {
            "avg": 28.604355716878402,
            "min": 1,
            "med": 8,
            "max": 237,
            "p(90)": 77,
            "p(95)": 105.95000000000005
        },
        "http_req_receiving": {
            "avg": 0.7856676095672986,
            "min": 0.005227,
            "med": 0.038436,
            "max": 92.743566,
            "p(90)": 0.139601,
            "p(95)": 3.462899
        },
        "vus_max": {
            "value": 50,
            "min": 50,
            "max": 50
        },
        "http_req_duration{expected_response:true}": {
            "avg": 31.74124416111709,
            "min": 0.58347,
            "med": 20.94997,
            "max": 363.426825,
            "p(90)": 71.812205,
            "p(95)": 88.992397
        },
        "grpc_req_duration": {
            "avg": 98793.42922658999,
            "min": 98630.865075,
            "med": 98802.5286555,
            "max": 99033.623636,
            "p(90)": 98859.03516310001,
            "p(95)": 98866.96033865
        },
        "transaction_failure": {
            "rate": 277.85097184722724,
            "count": 27519
        },
        "late_transactions": {
            "count": 27519,
            "rate": 277.85097184722724
        }
    },
    "root_group": {
        "name": "",
        "path": "",
        "id": "d41d8cd98f00b204e9800998ecf8427e",
        "groups": {},
        "checks": {
                "transfer request accepted by SPI": {
                    "id": "419a96930eb7943bf5023905eacd3aa6",
                    "passes": 27579,
                    "fails": 0,
                    "name": "transfer request accepted by SPI",
                    "path": "::transfer request accepted by SPI"
                },
                "pacs.008 notification received by recebedor": {
                    "name": "pacs.008 notification received by recebedor",
                    "path": "::pacs.008 notification received by recebedor",
                    "id": "93435e0f0af7a25ea42491fbb759fdea",
                    "passes": 1102,
                    "fails": 26477
                },
                "status report accepted by SPI": {
                    "id": "b2cc99870d55467dc3b3f287d32c1531",
                    "passes": 1102,
                    "fails": 0,
                    "name": "status report accepted by SPI",
                    "path": "::status report accepted by SPI"
                },
                "pacs.002 confirmation received by pagador": {
                    "name": "pacs.002 confirmation received by pagador",
                    "path": "::pacs.002 confirmation received by pagador",
                    "id": "76c74b03eb4032f43e40bf459d63e6fe",
                    "passes": 60,
                    "fails": 1042
                }
            }
    }
}