{
    "metrics": {
        "confirmation_timeouts": {
            "count": 2866,
            "rate": 29.217545680402214
        },
        "http_req_failed": {
            "passes": 0,
            "fails": 42667,
            "value": 0
        },
        "total_transaction_duration": {
            "med": 13487,
            "max": 20651,
            "p(90)": 16024.400000000001,
            "p(95)": 17511.7,
            "avg": 12985.376411409,
            "min": 87,
            "thresholds": {
                "p(99)<4600": true
            }
        },
        "late_pacs002_confirmations": {
            "count": 2866,
            "rate": 29.217545680402214
        },
        "http_req_sending": {
            "p(95)": 4.5769272999999915,
            "avg": 0.8350354453559016,
            "min": 0.003481,
            "med": 0.025543,
            "max": 133.758946,
            "p(90)": 1.188783400000004
        },
        "status_report_duration": {
            "avg": 29.344838657890513,
            "min": 1,
            "med": 22,
            "max": 278,
            "p(90)": 58,
            "p(95)": 74
        },
        "transaction_success": {
            "count": 15821,
            "rate": 161.28778444160622
        },
        "late_pacs008_notifications": {
            "rate": 53.959689213666756,
            "count": 5293
        },
        "iteration_duration": {
            "avg": 97925.28087873998,
            "min": 97846.786338,
            "med": 97891.904871,
            "max": 98091.312919,
            "p(90)": 98068.2804347,
            "p(95)": 98085.94198995
        },
        "fetch_messages_duration": {
            "min": 10,
            "med": 7504.5,
            "max": 10621,
            "p(90)": 10024,
            "p(95)": 10057,
            "avg": 7128.377981651376
        },
        "grpc_req_duration": {
            "min": 97837.486777,
            "med": 97881.4734505,
            "max": 98080.916254,
            "p(90)": 98057.8522071,
            "p(95)": 98068.49125369999,
            "avg": 97911.63796965001
        },
        "data_received": {
            "rate": 294909.77459785447,
            "count": 28928214
        },
        "http_req_waiting": {
            "med": 22.21547,
            "max": 233.897254,
            "p(90)": 63.45206520000001,
            "p(95)": 80.3315064,
            "avg": 30.37567986136814,
            "min": 0.580798
        },
        "grpc_streams": {
            "count": 100,
            "rate": 1.0194537920586955
        },
        "http_req_tls_handshaking": {
            "med": 0,
            "max": 0,
            "p(90)": 0,
            "p(95)": 0,
            "avg": 0,
            "min": 0
        },
        "http_req_receiving": {
            "avg": 0.7228293879579039,
            "min": 0.005096,
            "med": 0.036232,
            "max": 261.765023,
            "p(90)": 0.10341660000000066,
            "p(95)": 2.157053999999973
        },
        "http_reqs": {
            "count": 42667,
            "rate": 434.97034945768365
        },
        "transaction_failure": {
            "count": 8159,
            "rate": 83.17723489406897
        },
        "vus_max": {
            "value": 50,
            "min": 50,
            "max": 50
        },
        "transactions_started": {
            "count": 23980,
            "rate": 244.46501933567518
        },
        "http_req_blocked": {
            "p(90)": 0.011324800000000003,
            "p(95)": 0.014069599999999976,
            "avg": 0.021057312536620784,
            "min": 0.001028,
            "med": 0.007598,
            "max": 73.946259
        },
        "checks": {
            "passes": 77175,
            "fails": 8159,
            "value": 0.904387465722924
        },
        "transfer_request_duration": {
            "min": 0,
            "med": 26,
            "max": 250,
            "p(90)": 74,
            "p(95)": 94,
            "avg": 34.90717264386989
        },
        "grpc_streams_msgs_received": {
            "rate": 625.475679579692,
            "count": 61354
        },
        "notification_timeouts": {
            "count": 5293,
            "rate": 53.959689213666756
        },
        "http_req_duration": {
            "avg": 31.93354469468197,
            "min": 0.608835,
            "med": 23.449166,
            "max": 278.02302,
            "p(90)": 66.55276440000004,
            "p(95)": 84.35928559999998
        },
        "confirmation_check_duration": {
            "avg": 6614.9918660031035,
            "min": 15,
            "med": 6311,
            "max": 10608,
            "p(90)": 10016,
            "p(95)": 10051
        },
        "http_req_duration{expected_response:true}": {
            "avg": 31.93354469468197,
            "min": 0.608835,
            "med": 23.449166,
            "max": 278.02302,
            "p(90)": 66.55276440000004,
            "p(95)": 84.35928559999998
        },
        "transactions_in_flight": {
            "value": 0,
            "min": 0,
            "max": 233
        },
        "late_transactions": {
            "count": 8159,
            "rate": 83.17723489406897
        },
        "data_sent": {
            "count": 28448018,
            "rate": 290014.39826654026
        },
        "vus": {
            "value": 10,
            "min": 10,
            "max": 50
        },
        "iterations": {
            "count": 50,
            "rate": 0.5097268960293477
        },
        "http_req_connecting": {
            "min": 0,
            "med": 0,
            "max": 73.747901,
            "p(90)": 0,
            "p(95)": 0,
            "avg": 0.004901061147959782
        },
        "grpc_streams_msgs_sent": {
            "count": 100,
            "rate": 1.0194537920586955
        }
    },
    "root_group": {
        "name": "",
        "path": "",
        "id": "d41d8cd98f00b204e9800998ecf8427e",
        "groups": {},
        "checks": {
                "transfer request accepted by SPI": {
                    "passes": 23980,
                    "fails": 0,
                    "name": "transfer request accepted by SPI",
                    "path": "::transfer request accepted by SPI",
                    "id": "419a96930eb7943bf5023905eacd3aa6"
                },
                "pacs.008 notification received by recebedor": {
                    "fails": 5293,
                    "name": "pacs.008 notification received by recebedor",
                    "path": "::pacs.008 notification received by recebedor",
                    "id": "93435e0f0af7a25ea42491fbb759fdea",
                    "passes": 18687
                },
                "status report accepted by SPI": {
                    "name": "status report accepted by SPI",
                    "path": "::status report accepted by SPI",
                    "id": "b2cc99870d55467dc3b3f287d32c1531",
                    "passes": 18687,
                    "fails": 0
                },
                "pacs.002 confirmation received by pagador": {
                    "path": "::pacs.002 confirmation received by pagador",
                    "id": "76c74b03eb4032f43e40bf459d63e6fe",
                    "passes": 15821,
                    "fails": 2866,
                    "name": "pacs.002 confirmation received by pagador"
                }
            }
    }
}