{
    "metrics": {
        "http_req_receiving": {
            "p(95)": 0.6756282999999965,
            "avg": 3.883508689489731,
            "min": 0.007674,
            "med": 0.032155500000000004,
            "max": 635.663131,
            "p(90)": 0.2888869999999998
        },
        "http_req_duration{expected_response:true}": {
            "max": 1922.248491,
            "p(90)": 334.9729165,
            "p(95)": 434.26033844999995,
            "avg": 175.38448027163227,
            "min": 1.234731,
            "med": 137.52143
        },
        "http_reqs": {
            "count": 316228,
            "rate": 2625.148949933704
        },
        "http_req_duration": {
            "avg": 175.38448027163227,
            "min": 1.234731,
            "med": 137.52143,
            "max": 1922.248491,
            "p(90)": 334.9729165,
            "p(95)": 434.26033844999995
        },
        "http_req_waiting": {
            "med": 135.358136,
            "max": 1699.131198,
            "p(90)": 325.6811628999999,
            "p(95)": 413.1024775499996,
            "avg": 170.28813090873385,
            "min": 1.160001
        },
        "data_sent": {
            "rate": 904126.4168656258,
            "count": 108911949
        },
        "vus": {
            "value": 500,
            "min": 500,
            "max": 500
        },
        "checks": {
            "passes": 237171,
            "fails": 0,
            "value": 1
        },
        "http_req_blocked": {
            "p(95)": 0.009699649999999964,
            "avg": 1.1602570395790623,
            "min": 0.000881,
            "med": 0.004875,
            "max": 1050.885868,
            "p(90)": 0.007737
        },
        "http_req_failed": {
            "passes": 0,
            "fails": 316228,
            "value": 0
        },
        "iterations": {
            "count": 79057,
            "rate": 656.287237483426
        },
        "data_received": {
            "count": 136029983,
            "rate": 1129245.2503635022
        },
        "http_req_sending": {
            "avg": 1.2128406734065476,
            "min": 0.003142,
            "med": 0.015549,
            "max": 1000.220146,
            "p(90)": 0.03763529999999999,
            "p(95)": 0.22106764999999995
        },
        "iteration_duration": {
            "avg": 760.0183101285276,
            "min": 70.041929,
            "med": 704.258509,
            "max": 2932.812846,
            "p(90)": 1135.4280738000007,
            "p(95)": 1311.0510599999998
        },
        "http_req_connecting": {
            "p(95)": 0,
            "avg": 0.9514310885816594,
            "min": 0,
            "med": 0,
            "max": 1050.86369,
            "p(90)": 0
        },
        "http_req_tls_handshaking": {
            "avg": 0,
            "min": 0,
            "med": 0,
            "max": 0,
            "p(90)": 0,
            "p(95)": 0
        },
        "vus_max": {
            "value": 500,
            "min": 500,
            "max": 500
        }
    },
    "root_group": {
        "checks": {
            "transfer request accepted by SPI": {
                "passes": 79057,
                "fails": 0,
                "name": "transfer request accepted by SPI",
                "path": "::transfer request accepted by SPI",
                "id": "419a96930eb7943bf5023905eacd3aa6"
            },
            "status report accepted by SPI": {
                "fails": 0,
                "name": "status report accepted by SPI",
                "path": "::status report accepted by SPI",
                "id": "b2cc99870d55467dc3b3f287d32c1531",
                "passes": 79057
            },
            "confirmation received": {
                "name": "confirmation received",
                "path": "::confirmation received",
                "id": "cf2b25c1eee1a4f3338ef5954938a451",
                "passes": 79057,
                "fails": 0
            }
        },
        "name": "",
        "path": "",
        "id": "d41d8cd98f00b204e9800998ecf8427e",
        "groups": {}
    }
}