{
    "metrics": {
        "vus": {
            "value": 500,
            "min": 500,
            "max": 500
        },
        "data_sent": {
            "count": 119826872,
            "rate": 995275.8436036914
        },
        "data_received": {
            "count": 149658242,
            "rate": 1243053.6704554502
        },
        "http_req_blocked": {
            "avg": 0.8124475296991897,
            "min": 0.000982,
            "med": 0.004967,
            "max": 1012.614605,
            "p(90)": 0.007817,
            "p(95)": 0.009802
        },
        "http_req_receiving": {
            "avg": 3.4574653841465812,
            "min": 0.008364,
            "med": 0.032665,
            "max": 670.712705,
            "p(90)": 0.2910277999999997,
            "p(95)": 0.7503477999999821
        },
        "http_req_failed": {
            "passes": 0,
            "fails": 347888,
            "value": 0
        },
        "checks": {
            "passes": 260916,
            "fails": 0,
            "value": 1
        },
        "http_req_sending": {
            "avg": 1.2037145062980101,
            "min": 0.003313,
            "med": 0.016077,
            "max": 623.18316,
            "p(90)": 0.03880029999999999,
            "p(95)": 0.2156912499999998
        },
        "http_req_duration{expected_response:true}": {
            "avg": 159.06269048207452,
            "min": 0.81487,
            "med": 126.23154650000001,
            "max": 1818.961018,
            "p(90)": 300.39352419999994,
            "p(95)": 389.8426344
        },
        "iterations": {
            "count": 86972,
            "rate": 722.3849644502133
        },
        "http_req_duration": {
            "avg": 159.06269048207452,
            "min": 0.81487,
            "med": 126.23154650000001,
            "max": 1818.961018,
            "p(90)": 300.39352419999994,
            "p(95)": 389.8426344
        },
        "http_req_tls_handshaking": {
            "avg": 0,
            "min": 0,
            "med": 0,
            "max": 0,
            "p(90)": 0,
            "p(95)": 0
        },
        "http_req_waiting": {
            "med": 124.2784105,
            "max": 1422.011349,
            "p(90)": 291.44100619999995,
            "p(95)": 370.8420384499998,
            "avg": 154.40151059162832,
            "min": 0.747792
        },
        "iteration_duration": {
            "min": 59.69135,
            "med": 639.7598395,
            "max": 2930.076364,
            "p(90)": 1029.2921890000005,
            "p(95)": 1182.17399235,
            "avg": 690.6089583352635
        },
        "vus_max": {
            "value": 500,
            "min": 500,
            "max": 500
        },
        "http_reqs": {
            "count": 347888,
            "rate": 2889.539857800853
        },
        "http_req_connecting": {
            "p(95)": 0,
            "avg": 0.6510747709176542,
            "min": 0,
            "med": 0,
            "max": 1012.406348,
            "p(90)": 0
        }
    },
    "root_group": {
        "name": "",
        "path": "",
        "id": "d41d8cd98f00b204e9800998ecf8427e",
        "groups": {},
        "checks": {
                "transfer request accepted by SPI": {
                    "name": "transfer request accepted by SPI",
                    "path": "::transfer request accepted by SPI",
                    "id": "419a96930eb7943bf5023905eacd3aa6",
                    "passes": 86972,
                    "fails": 0
                },
                "status report accepted by SPI": {
                    "name": "status report accepted by SPI",
                    "path": "::status report accepted by SPI",
                    "id": "b2cc99870d55467dc3b3f287d32c1531",
                    "passes": 86972,
                    "fails": 0
                },
                "confirmation received": {
                    "id": "cf2b25c1eee1a4f3338ef5954938a451",
                    "passes": 86972,
                    "fails": 0,
                    "name": "confirmation received",
                    "path": "::confirmation received"
                }
            }
    }
}