{
    "root_group": {
        "path": "",
        "id": "d41d8cd98f00b204e9800998ecf8427e",
        "groups": {},
        "checks": {
                "transfer request accepted by SPI": {
                    "name": "transfer request accepted by SPI",
                    "path": "::transfer request accepted by SPI",
                    "id": "419a96930eb7943bf5023905eacd3aa6",
                    "passes": 144323,
                    "fails": 0
                },
                "status report accepted by SPI": {
                    "passes": 144323,
                    "fails": 0,
                    "name": "status report accepted by SPI",
                    "path": "::status report accepted by SPI",
                    "id": "b2cc99870d55467dc3b3f287d32c1531"
                },
                "confirmation received": {
                    "name": "confirmation received",
                    "path": "::confirmation received",
                    "id": "cf2b25c1eee1a4f3338ef5954938a451",
                    "passes": 144323,
                    "fails": 0
                }
            },
        "name": ""
    },
    "metrics": {
        "http_req_duration{expected_response:true}": {
            "med": 1554.293512,
            "max": 6431.003018,
            "p(90)": 2147.6140290000003,
            "p(95)": 2346.6213578999996,
            "avg": 1593.9688562800966,
            "min": 0.751887
        },
        "http_req_sending": {
            "med": 0.014436,
            "max": 1384.869686,
            "p(90)": 0.03138490000000003,
            "p(95)": 0.224975,
            "avg": 1.9119432127051796,
            "min": 0.00536
        },
        "http_req_duration": {
            "avg": 1593.9688562800966,
            "min": 0.751887,
            "med": 1554.293512,
            "max": 6431.003018,
            "p(90)": 2147.6140290000003,
            "p(95)": 2346.6213578999996
        },
        "iteration_duration": {
            "avg": 6733.87973363712,
            "min": 2990.930347,
            "med": 6792.408453,
            "max": 18275.257906,
            "p(90)": 7922.2954006,
            "p(95)": 8274.720197499999
        },
        "vus": {
            "max": 8000,
            "value": 1278,
            "min": 1278
        },
        "checks": {
            "passes": 432969,
            "fails": 0,
            "value": 1
        },
        "http_req_connecting": {
            "p(90)": 0,
            "p(95)": 0,
            "avg": 2.8974718679611002,
            "min": 0,
            "med": 0,
            "max": 670.692587
        },
        "status_report_duration": {
            "avg": 1622.2059824144453,
            "min": 25,
            "med": 1566,
            "max": 6410,
            "p(90)": 2215,
            "p(95)": 2397
        },
        "data_sent": {
            "count": 199198914,
            "rate": 1615135.9581357522
        },
        "transfer_request_duration": {
            "avg": 1690.242532375297,
            "min": 14,
            "med": 1582,
            "max": 5823,
            "p(90)": 2419,
            "p(95)": 2656
        },
        "fetch_messages_duration": {
            "avg": 1623.415595573817,
            "min": 56,
            "med": 1537,
            "max": 6431,
            "p(90)": 2291,
            "p(95)": 2479
        },
        "total_transaction_duration": {
            "p(95)": 8230,
            "avg": 6706.279227843102,
            "min": 2991,
            "med": 6757,
            "max": 18275,
            "p(90)": 7873,
            "thresholds": {
                "p(99)<4000": true
            }
        },
        "http_req_waiting": {
            "avg": 1588.048824706223,
            "min": 0.668713,
            "med": 1553.3396675,
            "max": 6229.358162,
            "p(90)": 2130.4607777,
            "p(95)": 2314.271459599999
        },
        "http_req_blocked": {
            "avg": 2.9441878997423427,
            "min": 0.001775,
            "med": 0.004599,
            "max": 670.722373,
            "p(90)": 0.00696,
            "p(95)": 0.008296
        },
        "confirmation_check_duration": {
            "max": 6419,
            "p(90)": 2263,
            "p(95)": 2443,
            "avg": 1603.6571440449547,
            "min": 1,
            "med": 1559
        },
        "iterations": {
            "count": 144323,
            "rate": 1170.1934624303533
        },
        "vus_max": {
            "value": 8000,
            "min": 8000,
            "max": 8000
        },
        "transaction_success": {
            "count": 144323,
            "rate": 1170.1934624303533
        },
        "data_received": {
            "count": 331942900,
            "rate": 2691444.963589812
        },
        "http_req_tls_handshaking": {
            "avg": 0,
            "min": 0,
            "med": 0,
            "max": 0,
            "p(90)": 0,
            "p(95)": 0
        },
        "http_req_failed": {
            "passes": 0,
            "fails": 577292,
            "value": 0
        },
        "http_req_receiving": {
            "avg": 4.008088361179532,
            "min": 0.012384,
            "med": 0.033893,
            "max": 1734.814165,
            "p(90)": 0.3960035000000001,
            "p(95)": 0.6171923999999985
        },
        "http_reqs": {
            "count": 577292,
            "rate": 4680.773849721413
        }
    }
}