{
    "metrics": {
        "transactions_in_flight": {
            "value": 0,
            "min": 0,
            "max": 132
        },
        "transfer_request_duration": {
            "avg": 32.32517379397514,
            "min": 2,
            "med": 26,
            "max": 490,
            "p(90)": 62,
            "p(95)": 77
        },
        "confirmation_check_duration": {
            "min": 10,
            "med": 3218,
            "max": 6462,
            "p(90)": 5382,
            "p(95)": 5675,
            "avg": 3138.736323021158
        },
        "http_req_blocked": {
            "avg": 0.0374230372305681,
            "min": 0.001252,
            "med": 0.008595,
            "max": 149.524829,
            "p(90)": 0.012742,
            "p(95)": 0.017618
        },
        "http_req_duration{expected_response:true}": {
            "avg": 31.888955221444856,
            "min": 1.351294,
            "med": 25.179724,
            "max": 304.252319,
            "p(90)": 61.184259,
            "p(95)": 75.059223
        },
        "iterations": {
            "count": 50,
            "rate": 0.5122497371743593
        },
        "http_req_failed": {
            "passes": 0,
            "fails": 47461,
            "value": 0
        },
        "http_req_waiting": {
            "avg": 30.504064640041165,
            "min": 1.257086,
            "med": 24.067517,
            "max": 274.196216,
            "p(90)": 58.721702,
            "p(95)": 71.608553
        },
        "transactions_started": {
            "count": 23735,
            "rate": 243.16495023666837
        },
        "http_reqs": {
            "count": 47461,
            "rate": 486.23769552064533
        },
        "notification_timeouts": {
            "count": 9,
            "rate": 0.09220495269138468
        },
        "fetch_messages_duration": {
            "avg": 3060.8117126606276,
            "min": 10,
            "med": 3134,
            "max": 10048,
            "p(90)": 5442,
            "p(95)": 5823
        },
        "grpc_req_duration": {
            "avg": 97541.59817099001,
            "min": 97465.761966,
            "med": 97549.2195205,
            "max": 97598.036871,
            "p(90)": 97576.8038692,
            "p(95)": 97589.62404185
        },
        "transaction_failure": {
            "count": 9,
            "rate": 0.09220495269138468
        },
        "iteration_duration": {
            "p(95)": 97599.95075095,
            "avg": 97565.61120269998,
            "min": 97501.996613,
            "med": 97574.98106749999,
            "max": 97607.615161,
            "p(90)": 97598.1045501
        },
        "http_req_sending": {
            "avg": 0.7935285682771099,
            "min": 0.004183,
            "med": 0.029988,
            "max": 221.355171,
            "p(90)": 1.075057,
            "p(95)": 3.871359
        },
        "grpc_streams": {
            "count": 100,
            "rate": 1.0244994743487186
        },
        "data_received": {
            "rate": 319152.27090401296,
            "count": 31152019
        },
        "http_req_duration": {
            "avg": 31.888955221444856,
            "min": 1.351294,
            "med": 25.179724,
            "max": 304.252319,
            "p(90)": 61.184259,
            "p(95)": 75.059223
        },
        "transaction_success": {
            "count": 23726,
            "rate": 243.07274528397699
        },
        "grpc_streams_msgs_sent": {
            "count": 100,
            "rate": 1.0244994743487186
        },
        "http_req_receiving": {
            "avg": 0.5913620131265667,
            "min": 0.00565,
            "med": 0.040042,
            "max": 204.160667,
            "p(90)": 0.140082,
            "p(95)": 1.516563
        },
        "http_req_tls_handshaking": {
            "min": 0,
            "med": 0,
            "max": 0,
            "p(90)": 0,
            "p(95)": 0,
            "avg": 0
        },
        "status_report_duration": {
            "max": 305,
            "p(90)": 63,
            "p(95)": 77,
            "avg": 32.89926662732867,
            "min": 1,
            "med": 26
        },
        "data_sent": {
            "count": 30096241,
            "rate": 308335.83084372355
        },
        "http_req_connecting": {
            "avg": 0.0027466681064452917,
            "min": 0,
            "med": 0,
            "max": 31.596234,
            "p(90)": 0,
            "p(95)": 0
        },
        "vus_max": {
            "max": 50,
            "value": 50,
            "min": 50
        },
        "grpc_streams_msgs_received": {
            "count": 71178,
            "rate": 729.218235851931
        },
        "vus": {
            "value": 50,
            "min": 50,
            "max": 50
        },
        "checks": {
            "fails": 9,
            "passes": 94913,
            "value": 0.999905185310044
        },
        "total_transaction_duration": {
            "med": 6472,
            "max": 11953,
            "p(90)": 10653,
            "p(95)": 11000,
            "avg": 6264.639846581809,
            "min": 32,
            "thresholds": {
                "p(99)<4600": true
            }
        }
    },
    "root_group": {
        "path": "",
        "id": "d41d8cd98f00b204e9800998ecf8427e",
        "groups": {},
        "checks": {
                "transfer request accepted by SPI": {
                    "name": "transfer request accepted by SPI",
                    "path": "::transfer request accepted by SPI",
                    "id": "419a96930eb7943bf5023905eacd3aa6",
                    "passes": 23735,
                    "fails": 0
                },
                "pacs.008 notification received by recebedor": {
                    "passes": 23726,
                    "fails": 9,
                    "name": "pacs.008 notification received by recebedor",
                    "path": "::pacs.008 notification received by recebedor",
                    "id": "93435e0f0af7a25ea42491fbb759fdea"
                },
                "status report accepted by SPI": {
                    "name": "status report accepted by SPI",
                    "path": "::status report accepted by SPI",
                    "id": "b2cc99870d55467dc3b3f287d32c1531",
                    "passes": 23726,
                    "fails": 0
                },
                "pacs.002 confirmation received by pagador": {
                    "name": "pacs.002 confirmation received by pagador",
                    "path": "::pacs.002 confirmation received by pagador",
                    "id": "76c74b03eb4032f43e40bf459d63e6fe",
                    "passes": 23726,
                    "fails": 0
                }
            },
        "name": ""
    }
}