{
    "metrics": {
        "http_req_sending": {
            "avg": 1.1718830450497104,
            "min": 0.008624,
            "med": 0.030743,
            "max": 337.851434,
            "p(90)": 1.9164733999999974,
            "p(95)": 6.3163942999999945
        },
        "iteration_duration": {
            "p(95)": 99653.78964915,
            "avg": 98759.65167104,
            "min": 98158.079434,
            "med": 98619.19441699999,
            "max": 99722.136409,
            "p(90)": 99648.0066938
        },
        "http_req_receiving": {
            "med": 0.042038,
            "max": 379.188212,
            "p(90)": 0.17707179999999997,
            "p(95)": 2.7544880499999898,
            "avg": 0.9950157424054101,
            "min": 0.009837
        },
        "http_req_duration{expected_response:true}": {
            "avg": 43.79011706873103,
            "min": 1.824888,
            "med": 33.9753215,
            "max": 398.739078,
            "p(90)": 87.00507139999999,
            "p(95)": 107.414492
        },
        "confirmation_timeouts": {
            "count": 4046,
            "rate": 40.57263439834572
        },
        "http_req_waiting": {
            "med": 32.0655855,
            "max": 253.134312,
            "p(90)": 83.3369732,
            "p(95)": 102.12162044999998,
            "avg": 41.62321828127588,
            "min": 1.762602
        },
        "transaction_success": {
            "count": 4306,
            "rate": 43.17987239725078
        },
        "http_req_failed": {
            "passes": 0,
            "fails": 28968,
            "value": 0
        },
        "transfer_request_duration": {
            "min": 2,
            "med": 40,
            "max": 444,
            "p(90)": 96,
            "p(95)": 117,
            "avg": 49.10487000388048
        },
        "notification_timeouts": {
            "count": 12264,
            "rate": 122.98141084066037
        },
        "status_report_duration": {
            "avg": 33.97222222222222,
            "min": 3,
            "med": 25,
            "max": 241,
            "p(90)": 69,
            "p(95)": 83
        },
        "confirmation_check_duration": {
            "avg": 7371.97030651341,
            "min": 107,
            "med": 9484.5,
            "max": 10823,
            "p(90)": 10072,
            "p(95)": 10106.45
        },
        "http_req_blocked": {
            "avg": 0.04328950431510635,
            "min": 0.002297,
            "med": 0.008748,
            "max": 95.158117,
            "p(90)": 0.013677599999999998,
            "p(95)": 0.020982249999999945
        },
        "http_req_tls_handshaking": {
            "min": 0,
            "med": 0,
            "max": 0,
            "p(90)": 0,
            "p(95)": 0,
            "avg": 0
        },
        "transactions_in_flight": {
            "value": 0,
            "min": 0,
            "max": 212
        },
        "grpc_streams_msgs_sent": {
            "count": 100,
            "rate": 1.0027838457327167
        },
        "fetch_messages_duration": {
            "avg": 8648.052143965851,
            "min": 89,
            "med": 10007,
            "max": 12775,
            "p(90)": 10098,
            "p(95)": 10167.25
        },
        "late_pacs008_notifications": {
            "count": 12264,
            "rate": 122.98141084066037
        },
        "grpc_req_duration": {
            "avg": 98738.17156670001,
            "min": 98131.308564,
            "med": 98592.170911,
            "max": 99718.847602,
            "p(90)": 99631.18889110001,
            "p(95)": 99636.59869515
        },
        "checks": {
            "passes": 41626,
            "fails": 16310,
            "value": 0.7184824634078983
        },
        "http_req_duration": {
            "avg": 43.79011706873103,
            "min": 1.824888,
            "med": 33.9753215,
            "max": 398.739078,
            "p(90)": 87.00507139999999,
            "p(95)": 107.414492
        },
        "data_received": {
            "count": 21181591,
            "rate": 212405.572817175
        },
        "iterations": {
            "count": 50,
            "rate": 0.5013919228663584
        },
        "transactions_started": {
            "count": 20616,
            "rate": 206.73391763625688
        },
        "http_req_connecting": {
            "avg": 0.0050475500897542115,
            "min": 0,
            "med": 0,
            "max": 60.446108,
            "p(90)": 0,
            "p(95)": 0
        },
        "data_sent": {
            "rate": 217285.8009035255,
            "count": 21668259
        },
        "late_pacs002_confirmations": {
            "count": 4046,
            "rate": 40.57263439834572
        },
        "grpc_streams": {
            "count": 100,
            "rate": 1.0027838457327167
        },
        "vus_max": {
            "min": 50,
            "max": 50,
            "value": 50
        },
        "http_reqs": {
            "count": 28968,
            "rate": 290.4864244318534
        },
        "vus": {
            "value": 10,
            "min": 10,
            "max": 50
        },
        "transaction_failure": {
            "rate": 163.5540452390061,
            "count": 16310
        },
        "grpc_streams_msgs_received": {
            "count": 37320,
            "rate": 374.2389312274499
        },
        "total_transaction_duration": {
            "p(90)": 18580.800000000003,
            "p(95)": 19683.9,
            "avg": 14047.738266283524,
            "min": 300,
            "med": 13999,
            "max": 22861,
            "thresholds": {
                "p(99)<4600": true
            }
        },
        "late_transactions": {
            "count": 16310,
            "rate": 163.5540452390061
        }
    },
    "root_group": {
        "name": "",
        "path": "",
        "id": "d41d8cd98f00b204e9800998ecf8427e",
        "groups": {},
        "checks": {
                "transfer request accepted by SPI": {
                    "name": "transfer request accepted by SPI",
                    "path": "::transfer request accepted by SPI",
                    "id": "419a96930eb7943bf5023905eacd3aa6",
                    "passes": 20616,
                    "fails": 0
                },
                "pacs.008 notification received by recebedor": {
                    "passes": 8352,
                    "fails": 12264,
                    "name": "pacs.008 notification received by recebedor",
                    "path": "::pacs.008 notification received by recebedor",
                    "id": "93435e0f0af7a25ea42491fbb759fdea"
                },
                "status report accepted by SPI": {
                    "path": "::status report accepted by SPI",
                    "id": "b2cc99870d55467dc3b3f287d32c1531",
                    "passes": 8352,
                    "fails": 0,
                    "name": "status report accepted by SPI"
                },
                "pacs.002 confirmation received by pagador": {
                    "name": "pacs.002 confirmation received by pagador",
                    "path": "::pacs.002 confirmation received by pagador",
                    "id": "76c74b03eb4032f43e40bf459d63e6fe",
                    "passes": 4306,
                    "fails": 4046
                }
            }
    }
}