{
    "metrics": {
        "vus_max": {
            "value": 50,
            "min": 50,
            "max": 50
        },
        "transactions_started": {
            "count": 22726,
            "rate": 237.43148134120165
        },
        "transactions_in_flight": {
            "value": 0,
            "min": 0,
            "max": 123
        },
        "http_req_duration": {
            "avg": 33.01688272320238,
            "min": 1.463928,
            "med": 26.492344,
            "max": 437.882432,
            "p(90)": 60.71342860000001,
            "p(95)": 74.80872724999995
        },
        "http_req_connecting": {
            "p(90)": 0,
            "p(95)": 0,
            "avg": 0.004215796532605827,
            "min": 0,
            "med": 0,
            "max": 39.892307
        },
        "total_transaction_duration": {
            "avg": 6363.000352019713,
            "min": 95,
            "med": 7244,
            "max": 10479,
            "p(90)": 9434,
            "p(95)": 9557,
            "thresholds": {
                "p(99)<4600": true
            }
        },
        "http_req_waiting": {
            "p(95)": 70.57193774999996,
            "avg": 31.464569424117826,
            "min": 1.403583,
            "med": 25.238574,
            "max": 412.234538,
            "p(90)": 57.96238740000001
        },
        "grpc_streams_msgs_received": {
            "count": 68178,
            "rate": 712.2944440236049
        },
        "http_req_receiving": {
            "max": 150.210702,
            "p(90)": 0.20271850000000005,
            "p(95)": 2.2051286499999927,
            "avg": 0.6576475627255091,
            "min": 0.011624,
            "med": 0.040762
        },
        "data_received": {
            "rate": 311668.15436229185,
            "count": 29831640
        },
        "grpc_streams_msgs_sent": {
            "count": 100,
            "rate": 1.0447570242946478
        },
        "vus": {
            "value": 50,
            "min": 50,
            "max": 50
        },
        "data_sent": {
            "count": 28804429,
            "rate": 300936.29528546456
        },
        "status_report_duration": {
            "max": 438,
            "p(90)": 61,
            "p(95)": 74,
            "avg": 33.37578104373845,
            "min": 1,
            "med": 27
        },
        "iterations": {
            "count": 50,
            "rate": 0.5223785121473239
        },
        "fetch_messages_duration": {
            "max": 5593,
            "p(90)": 4723,
            "p(95)": 4822,
            "avg": 3114.997711871865,
            "min": 17,
            "med": 3553
        },
        "confirmation_check_duration": {
            "min": 17,
            "med": 3562,
            "max": 5444,
            "p(90)": 4724,
            "p(95)": 4824,
            "avg": 3177.694138871777
        },
        "transfer_request_duration": {
            "p(95)": 80,
            "avg": 34.19541494323682,
            "min": 2,
            "med": 27,
            "max": 279,
            "p(90)": 63
        },
        "grpc_streams": {
            "count": 100,
            "rate": 1.0447570242946478
        },
        "checks": {
            "passes": 90904,
            "fails": 0,
            "value": 1
        },
        "http_req_tls_handshaking": {
            "avg": 0,
            "min": 0,
            "med": 0,
            "max": 0,
            "p(90)": 0,
            "p(95)": 0
        },
        "http_req_failed": {
            "fails": 45452,
            "passes": 0,
            "value": 0
        },
        "http_reqs": {
            "rate": 474.8629626824033,
            "count": 45452
        },
        "grpc_req_duration": {
            "p(95)": 95684.74000475,
            "avg": 95640.07880159003,
            "min": 95549.890081,
            "med": 95656.00389600001,
            "max": 95692.449161,
            "p(90)": 95683.1374622
        },
        "http_req_duration{expected_response:true}": {
            "avg": 33.01688272320238,
            "min": 1.463928,
            "med": 26.492344,
            "max": 437.882432,
            "p(90)": 60.71342860000001,
            "p(95)": 74.80872724999995
        },
        "http_req_blocked": {
            "p(95)": 0.02133874999999996,
            "avg": 0.03216149845991356,
            "min": 0.003002,
            "med": 0.00886,
            "max": 43.583951,
            "p(90)": 0.012912
        },
        "iteration_duration": {
            "avg": 95669.95021623997,
            "min": 95601.690685,
            "med": 95690.71617900001,
            "max": 95713.544832,
            "p(90)": 95710.1740301,
            "p(95)": 95711.34203995
        },
        "transaction_success": {
            "count": 22726,
            "rate": 237.43148134120165
        },
        "http_req_sending": {
            "min": 0.008985,
            "med": 0.030306,
            "max": 147.622846,
            "p(90)": 1.4148243000000003,
            "p(95)": 4.735709199999999,
            "avg": 0.8946657363592383
        }
    },
    "root_group": {
        "name": "",
        "path": "",
        "id": "d41d8cd98f00b204e9800998ecf8427e",
        "groups": {},
        "checks": {
                "transfer request accepted by SPI": {
                    "name": "transfer request accepted by SPI",
                    "path": "::transfer request accepted by SPI",
                    "id": "419a96930eb7943bf5023905eacd3aa6",
                    "passes": 22726,
                    "fails": 0
                },
                "pacs.008 notification received by recebedor": {
                    "name": "pacs.008 notification received by recebedor",
                    "path": "::pacs.008 notification received by recebedor",
                    "id": "93435e0f0af7a25ea42491fbb759fdea",
                    "passes": 22726,
                    "fails": 0
                },
                "status report accepted by SPI": {
                    "name": "status report accepted by SPI",
                    "path": "::status report accepted by SPI",
                    "id": "b2cc99870d55467dc3b3f287d32c1531",
                    "passes": 22726,
                    "fails": 0
                },
                "pacs.002 confirmation received by pagador": {
                    "name": "pacs.002 confirmation received by pagador",
                    "path": "::pacs.002 confirmation received by pagador",
                    "id": "76c74b03eb4032f43e40bf459d63e6fe",
                    "passes": 22726,
                    "fails": 0
                }
            }
    }
}