{
    "root_group": {
        "name": "",
        "path": "",
        "id": "d41d8cd98f00b204e9800998ecf8427e",
        "groups": {},
        "checks": {
                "transfer request accepted by SPI": {
                    "name": "transfer request accepted by SPI",
                    "path": "::transfer request accepted by SPI",
                    "id": "419a96930eb7943bf5023905eacd3aa6",
                    "passes": 89807,
                    "fails": 0
                },
                "status report accepted by SPI": {
                    "id": "b2cc99870d55467dc3b3f287d32c1531",
                    "passes": 89807,
                    "fails": 0,
                    "name": "status report accepted by SPI",
                    "path": "::status report accepted by SPI"
                },
                "confirmation received": {
                    "name": "confirmation received",
                    "path": "::confirmation received",
                    "id": "cf2b25c1eee1a4f3338ef5954938a451",
                    "passes": 89807,
                    "fails": 0
                }
            }
    },
    "metrics": {
        "data_received": {
            "rate": 1272160.935023819,
            "count": 154383388
        },
        "http_req_tls_handshaking": {
            "med": 0,
            "max": 0,
            "p(90)": 0,
            "p(95)": 0,
            "avg": 0,
            "min": 0
        },
        "http_req_sending": {
            "p(95)": 0.25544759999999983,
            "avg": 4.106008822964731,
            "min": 0.002803,
            "med": 0.015212,
            "max": 1467.673223,
            "p(90)": 0.06425599999999988
        },
        "http_req_blocked": {
            "avg": 3.245100575918205,
            "min": 0.000871,
            "med": 0.004798,
            "max": 1271.113578,
            "p(90)": 0.007689,
            "p(95)": 0.009524649999999964
        },
        "http_reqs": {
            "count": 359228,
            "rate": 2960.136024264065
        },
        "http_req_waiting": {
            "avg": 549.9604141470905,
            "min": 0.990861,
            "med": 512.543356,
            "max": 4407.057905,
            "p(90)": 910.6316373,
            "p(95)": 1059.7262831999997
        },
        "vus_max": {
            "value": 2000,
            "min": 2000,
            "max": 2000
        },
        "http_req_failed": {
            "passes": 0,
            "fails": 359228,
            "value": 0
        },
        "http_req_duration": {
            "avg": 559.8417711160976,
            "min": 1.154014,
            "med": 517.9048485,
            "max": 4725.391393,
            "p(90)": 922.6266058,
            "p(95)": 1082.668732449999
        },
        "vus": {
            "value": 1143,
            "min": 1143,
            "max": 2000
        },
        "iteration_duration": {
            "avg": 2677.19555143681,
            "min": 442.932246,
            "med": 2571.165635,
            "max": 9094.529875,
            "p(90)": 3474.8989690000003,
            "p(95)": 3842.1772745
        },
        "iterations": {
            "count": 89807,
            "rate": 740.0340060660162
        },
        "http_req_connecting": {
            "avg": 3.0977529423875625,
            "min": 0,
            "med": 0,
            "max": 1271.091471,
            "p(90)": 0,
            "p(95)": 0
        },
        "http_req_duration{expected_response:true}": {
            "med": 517.9048485,
            "max": 4725.391393,
            "p(90)": 922.6266058,
            "p(95)": 1082.668732449999,
            "avg": 559.8417711160976,
            "min": 1.154014
        },
        "checks": {
            "passes": 269421,
            "fails": 0,
            "value": 1
        },
        "data_sent": {
            "count": 123864688,
            "rate": 1020678.580408623
        },
        "http_req_receiving": {
            "avg": 5.775348146052211,
            "min": 0.006553,
            "med": 0.028055,
            "max": 1575.804895,
            "p(90)": 0.34807569999999993,
            "p(95)": 0.6085884499999996
        }
    }
}