{
    "metrics": {
        "checks": {
            "passes": 89166,
            "fails": 6,
            "value": 0.9999327143049388
        },
        "fetch_messages_duration": {
            "avg": 3609.4981162540366,
            "min": 10,
            "med": 4490.5,
            "max": 10192,
            "p(90)": 5198,
            "p(95)": 5285
        },
        "transactions_started": {
            "count": 22296,
            "rate": 230.9314714622569
        },
        "grpc_streams_msgs_sent": {
            "count": 100,
            "rate": 1.035752921879516
        },
        "http_req_waiting": {
            "p(90)": 63.1407025,
            "p(95)": 77.52162325,
            "avg": 33.10390363291157,
            "min": 1.190938,
            "med": 26.610279499999997,
            "max": 276.731605
        },
        "iteration_duration": {
            "avg": 96500.278469,
            "min": 96438.175396,
            "med": 96534.19825399999,
            "max": 96547.979933,
            "p(90)": 96539.8724243,
            "p(95)": 96545.27987385
        },
        "http_req_receiving": {
            "avg": 0.6799480164177129,
            "min": 0.005487,
            "med": 0.0416385,
            "max": 311.909003,
            "p(90)": 0.154072,
            "p(95)": 1.8974705
        },
        "http_req_failed": {
            "passes": 0,
            "fails": 44586,
            "value": 0
        },
        "transfer_request_duration": {
            "min": 1,
            "med": 28,
            "max": 341,
            "p(90)": 69,
            "p(95)": 86,
            "avg": 35.635540007176175
        },
        "iterations": {
            "rate": 0.517876460939758,
            "count": 50
        },
        "http_req_duration{expected_response:true}": {
            "p(95)": 82.02803949999999,
            "avg": 34.6966398285332,
            "min": 1.208156,
            "med": 27.843293000000003,
            "max": 340.330267,
            "p(90)": 66.2703055
        },
        "http_req_sending": {
            "max": 190.081058,
            "p(90)": 1.2470525000000001,
            "p(95)": 4.629715,
            "avg": 0.9127881792042343,
            "min": 0.004256,
            "med": 0.030649
        },
        "status_report_duration": {
            "avg": 35.296052041274116,
            "min": 1,
            "med": 29,
            "max": 277,
            "p(90)": 66,
            "p(95)": 82
        },
        "transaction_failure": {
            "rate": 0.062145175312770966,
            "count": 6
        },
        "notification_timeouts": {
            "count": 6,
            "rate": 0.062145175312770966
        },
        "data_received": {
            "rate": 302937.7396183662,
            "count": 29248070
        },
        "transaction_success": {
            "rate": 230.86932628694413,
            "count": 22290
        },
        "total_transaction_duration": {
            "med": 9182,
            "max": 11109,
            "p(90)": 10232,
            "p(95)": 10349.55,
            "avg": 7368.558950201884,
            "min": 31,
            "thresholds": {
                "p(99)<4600": true
            }
        },
        "http_reqs": {
            "count": 44586,
            "rate": 461.800797749201
        },
        "confirmation_check_duration": {
            "p(90)": 5163,
            "p(95)": 5248.549999999999,
            "avg": 3687.077972184836,
            "min": 10,
            "med": 4493,
            "max": 5792
        },
        "grpc_req_duration": {
            "max": 96543.60747,
            "p(90)": 96531.98095350001,
            "p(95)": 96541.29095065,
            "avg": 96479.84871752,
            "min": 96400.315354,
            "med": 96500.064766
        },
        "vus_max": {
            "value": 50,
            "min": 50,
            "max": 50
        },
        "data_sent": {
            "count": 28239472,
            "rate": 292491.15636334784
        },
        "grpc_streams_msgs_received": {
            "count": 66870,
            "rate": 692.6079788608324
        },
        "vus": {
            "value": 50,
            "min": 50,
            "max": 50
        },
        "transactions_in_flight": {
            "value": 0,
            "min": 0,
            "max": 125
        },
        "http_req_blocked": {
            "avg": 0.03656124079307439,
            "min": 0.001103,
            "med": 0.008817,
            "max": 131.796811,
            "p(90)": 0.013067,
            "p(95)": 0.020863
        },
        "http_req_tls_handshaking": {
            "min": 0,
            "med": 0,
            "max": 0,
            "p(90)": 0,
            "p(95)": 0,
            "avg": 0
        },
        "http_req_connecting": {
            "max": 129.691562,
            "p(90)": 0,
            "p(95)": 0,
            "avg": 0.0053903808818911774,
            "min": 0,
            "med": 0
        },
        "grpc_streams": {
            "rate": 1.035752921879516,
            "count": 100
        },
        "http_req_duration": {
            "p(90)": 66.2703055,
            "p(95)": 82.02803949999999,
            "avg": 34.6966398285332,
            "min": 1.208156,
            "med": 27.843293000000003,
            "max": 340.330267
        }
    },
    "root_group": {
        "checks": {
            "transfer request accepted by SPI": {
                "name": "transfer request accepted by SPI",
                "path": "::transfer request accepted by SPI",
                "id": "419a96930eb7943bf5023905eacd3aa6",
                "passes": 22296,
                "fails": 0
            },
            "pacs.008 notification received by recebedor": {
                "passes": 22290,
                "fails": 6,
                "name": "pacs.008 notification received by recebedor",
                "path": "::pacs.008 notification received by recebedor",
                "id": "93435e0f0af7a25ea42491fbb759fdea"
            },
            "status report accepted by SPI": {
                "name": "status report accepted by SPI",
                "path": "::status report accepted by SPI",
                "id": "b2cc99870d55467dc3b3f287d32c1531",
                "passes": 22290,
                "fails": 0
            },
            "pacs.002 confirmation received by pagador": {
                "name": "pacs.002 confirmation received by pagador",
                "path": "::pacs.002 confirmation received by pagador",
                "id": "76c74b03eb4032f43e40bf459d63e6fe",
                "passes": 22290,
                "fails": 0
            }
        },
        "name": "",
        "path": "",
        "id": "d41d8cd98f00b204e9800998ecf8427e",
        "groups": {}
    }
}