{
    "metrics": {
        "late_transactions": {
            "count": 220,
            "rate": 2.16239959650689
        },
        "status_report_duration": {
            "avg": 40.49151633349586,
            "min": 2,
            "med": 33,
            "max": 334,
            "p(90)": 77,
            "p(95)": 96
        },
        "transfer_request_duration": {
            "p(90)": 77,
            "p(95)": 98,
            "avg": 39.6186210903457,
            "min": 2,
            "med": 31,
            "max": 286
        },
        "vus_max": {
            "value": 50,
            "min": 50,
            "max": 50
        },
        "transactions_started": {
            "count": 20654,
            "rate": 203.01000575569685
        },
        "vus": {
            "value": 50,
            "min": 50,
            "max": 50
        },
        "transaction_failure": {
            "count": 239,
            "rate": 2.349152288932485
        },
        "http_req_sending": {
            "p(95)": 5.47061529999999,
            "avg": 1.0304086612817005,
            "min": 0.005061,
            "med": 0.029843,
            "max": 150.008408,
            "p(90)": 1.3582890000000027
        },
        "iterations": {
            "count": 50,
            "rate": 0.49145445375156593
        },
        "grpc_streams_msgs_sent": {
            "rate": 0.9829089075031319,
            "count": 100
        },
        "late_pacs002_confirmations": {
            "count": 95,
            "rate": 0.9337634621279752
        },
        "http_req_waiting": {
            "avg": 37.160623841828084,
            "min": 1.381168,
            "med": 29.5410425,
            "max": 310.139482,
            "p(90)": 71.4221536,
            "p(95)": 88.83178179999997
        },
        "notification_timeouts": {
            "count": 144,
            "rate": 1.4153888268045098
        },
        "http_req_duration{expected_response:true}": {
            "min": 1.430565,
            "med": 31.255003,
            "max": 334.659811,
            "p(90)": 75.214769,
            "p(95)": 94.18675244999996,
            "avg": 39.12113068591495
        },
        "http_req_connecting": {
            "min": 0,
            "med": 0,
            "max": 156.187564,
            "p(90)": 0,
            "p(95)": 0,
            "avg": 0.010670754810028181
        },
        "confirmation_timeouts": {
            "count": 95,
            "rate": 0.9337634621279752
        },
        "fetch_messages_duration": {
            "med": 6074,
            "max": 10616,
            "p(90)": 9636,
            "p(95)": 9875,
            "avg": 6016.791226880991,
            "min": 10
        },
        "http_req_tls_handshaking": {
            "med": 0,
            "max": 0,
            "p(90)": 0,
            "p(95)": 0,
            "avg": 0,
            "min": 0
        },
        "transaction_success": {
            "count": 20415,
            "rate": 200.66085346676437
        },
        "checks": {
            "passes": 82089,
            "fails": 239,
            "value": 0.997096977941891
        },
        "transactions_in_flight": {
            "min": 0,
            "max": 178,
            "value": 0
        },
        "http_reqs": {
            "count": 41164,
            "rate": 404.6046226845892
        },
        "http_req_duration": {
            "avg": 39.12113068591495,
            "min": 1.430565,
            "med": 31.255003,
            "max": 334.659811,
            "p(90)": 75.214769,
            "p(95)": 94.18675244999996
        },
        "http_req_blocked": {
            "avg": 0.0597033403216406,
            "min": 0.001567,
            "med": 0.0087195,
            "max": 156.372393,
            "p(90)": 0.013112,
            "p(95)": 0.022055
        },
        "grpc_streams": {
            "count": 100,
            "rate": 0.9829089075031319
        },
        "http_req_receiving": {
            "p(90)": 0.23500410000000171,
            "p(95)": 3.0915236499999956,
            "avg": 0.9300981828053645,
            "min": 0.007043,
            "med": 0.0407305,
            "max": 174.203485
        },
        "grpc_streams_msgs_received": {
            "count": 61655,
            "rate": 606.0124869210559
        },
        "data_received": {
            "count": 26986008,
            "rate": 265247.8764115078
        },
        "http_req_failed": {
            "passes": 0,
            "fails": 41164,
            "value": 0
        },
        "total_transaction_duration": {
            "min": 89,
            "med": 13338.5,
            "max": 20127,
            "p(90)": 18745,
            "p(95)": 19058,
            "avg": 12295.52988785958,
            "thresholds": {
                "p(99)<4600": true
            }
        },
        "data_sent": {
            "count": 26055403,
            "rate": 256100.87697283825
        },
        "grpc_req_duration": {
            "min": 101673.292481,
            "med": 101701.9100915,
            "max": 101728.403978,
            "p(90)": 101719.7258061,
            "p(95)": 101720.50561875,
            "avg": 101699.86210113004
        },
        "confirmation_check_duration": {
            "avg": 6223.642662116041,
            "min": 10,
            "med": 6160,
            "max": 10731,
            "p(90)": 9744,
            "p(95)": 9901
        },
        "late_pacs008_notifications": {
            "rate": 1.2286361343789147,
            "count": 125
        },
        "iteration_duration": {
            "min": 101711.98391,
            "med": 101723.455363,
            "max": 101738.746552,
            "p(90)": 101734.4575358,
            "p(95)": 101736.8170866,
            "avg": 101723.66827463997
        }
    },
    "root_group": {
        "name": "",
        "path": "",
        "id": "d41d8cd98f00b204e9800998ecf8427e",
        "groups": {},
        "checks": {
                "transfer request accepted by SPI": {
                    "id": "419a96930eb7943bf5023905eacd3aa6",
                    "passes": 20654,
                    "fails": 0,
                    "name": "transfer request accepted by SPI",
                    "path": "::transfer request accepted by SPI"
                },
                "pacs.008 notification received by recebedor": {
                    "name": "pacs.008 notification received by recebedor",
                    "path": "::pacs.008 notification received by recebedor",
                    "id": "93435e0f0af7a25ea42491fbb759fdea",
                    "passes": 20510,
                    "fails": 144
                },
                "status report accepted by SPI": {
                    "fails": 0,
                    "name": "status report accepted by SPI",
                    "path": "::status report accepted by SPI",
                    "id": "b2cc99870d55467dc3b3f287d32c1531",
                    "passes": 20510
                },
                "pacs.002 confirmation received by pagador": {
                    "path": "::pacs.002 confirmation received by pagador",
                    "id": "76c74b03eb4032f43e40bf459d63e6fe",
                    "passes": 20415,
                    "fails": 95,
                    "name": "pacs.002 confirmation received by pagador"
                }
            }
    }
}