{
    "metrics": {
        "transaction_success": {
            "rate": 378.5171563335408,
            "count": 35176
        },
        "http_req_blocked": {
            "avg": 0.013474561846145056,
            "min": 0.001136,
            "med": 0.006268,
            "max": 27.028674,
            "p(90)": 0.009352,
            "p(95)": 0.011155449999999997
        },
        "http_req_duration": {
            "avg": 17.536281409924435,
            "min": 0.969693,
            "med": 10.192637999999999,
            "max": 380.665384,
            "p(90)": 45.920062200000004,
            "p(95)": 57.2293991
        },
        "grpc_streams": {
            "rate": 1.0760665122058815,
            "count": 100
        },
        "http_req_waiting": {
            "max": 377.903887,
            "p(90)": 45.3018202,
            "p(95)": 56.68976069999999,
            "avg": 17.156154158289805,
            "min": 0.928077,
            "med": 9.929843
        },
        "grpc_streams_msgs_received": {
            "count": 105528,
            "rate": 1135.5514690006225
        },
        "checks": {
            "passes": 140704,
            "fails": 0,
            "value": 1
        },
        "data_received": {
            "count": 46240510,
            "rate": 497578.6431832118
        },
        "transfer_request_duration": {
            "med": 10,
            "max": 381,
            "p(90)": 47,
            "p(95)": 57,
            "avg": 18.00361041619286,
            "min": 1
        },
        "http_req_failed": {
            "passes": 0,
            "fails": 70352,
            "value": 0
        },
        "iteration_duration": {
            "avg": 92798.38561445998,
            "min": 92732.178272,
            "med": 92775.448554,
            "max": 92930.829925,
            "p(90)": 92920.4504695,
            "p(95)": 92922.5179299
        },
        "http_req_sending": {
            "avg": 0.21848817887195807,
            "min": 0.003642,
            "med": 0.0219775,
            "max": 54.169224,
            "p(90)": 0.21876490000000007,
            "p(95)": 0.6716115499999992
        },
        "confirmation_check_duration": {
            "avg": 882.3224926085968,
            "min": 10,
            "med": 776,
            "max": 4464,
            "p(90)": 1628.5,
            "p(95)": 2757
        },
        "http_req_connecting": {
            "avg": 0.0009799211251989995,
            "min": 0,
            "med": 0,
            "max": 11.825333,
            "p(90)": 0,
            "p(95)": 0
        },
        "transactions_in_flight": {
            "max": 120,
            "value": 0,
            "min": 0
        },
        "data_sent": {
            "count": 44703843,
            "rate": 481043.08419209305
        },
        "http_req_duration{expected_response:true}": {
            "avg": 17.536281409924435,
            "min": 0.969693,
            "med": 10.192637999999999,
            "max": 380.665384,
            "p(90)": 45.920062200000004,
            "p(95)": 57.2293991
        },
        "vus_max": {
            "value": 50,
            "min": 50,
            "max": 50
        },
        "grpc_req_duration": {
            "min": 92715.807195,
            "med": 92763.696238,
            "max": 92918.531568,
            "p(90)": 92904.7497571,
            "p(95)": 92908.85480375,
            "avg": 92787.10153813002
        },
        "status_report_duration": {
            "avg": 17.650017057084376,
            "min": 1,
            "med": 11,
            "max": 375,
            "p(90)": 46,
            "p(95)": 59
        },
        "fetch_messages_duration": {
            "min": 10,
            "med": 765,
            "max": 4831,
            "p(90)": 1893,
            "p(95)": 2881.5,
            "avg": 905.301284967023
        },
        "transactions_started": {
            "count": 35176,
            "rate": 378.5171563335408
        },
        "grpc_streams_msgs_sent": {
            "count": 100,
            "rate": 1.0760665122058815
        },
        "http_reqs": {
            "count": 70352,
            "rate": 757.0343126670816
        },
        "http_req_receiving": {
            "min": 0.005286,
            "med": 0.029973,
            "max": 52.988542,
            "p(90)": 0.07458520000000003,
            "p(95)": 0.31851354999999965,
            "avg": 0.1616390727626809
        },
        "http_req_tls_handshaking": {
            "avg": 0,
            "min": 0,
            "med": 0,
            "max": 0,
            "p(90)": 0,
            "p(95)": 0
        },
        "total_transaction_duration": {
            "p(95)": 5579.25,
            "avg": 1824.3368205594725,
            "min": 24,
            "med": 1631,
            "max": 7014,
            "p(90)": 4166.5,
            "thresholds": {
                "p(99)<4600": true
            }
        },
        "vus": {
            "value": 50,
            "min": 50,
            "max": 50
        },
        "iterations": {
            "count": 50,
            "rate": 0.5380332561029407
        }
    },
    "root_group": {
        "id": "d41d8cd98f00b204e9800998ecf8427e",
        "groups": {},
        "checks": {
                "transfer request accepted by SPI": {
                    "name": "transfer request accepted by SPI",
                    "path": "::transfer request accepted by SPI",
                    "id": "419a96930eb7943bf5023905eacd3aa6",
                    "passes": 35176,
                    "fails": 0
                },
                "pacs.008 notification received by recebedor": {
                    "fails": 0,
                    "name": "pacs.008 notification received by recebedor",
                    "path": "::pacs.008 notification received by recebedor",
                    "id": "93435e0f0af7a25ea42491fbb759fdea",
                    "passes": 35176
                },
                "status report accepted by SPI": {
                    "name": "status report accepted by SPI",
                    "path": "::status report accepted by SPI",
                    "id": "b2cc99870d55467dc3b3f287d32c1531",
                    "passes": 35176,
                    "fails": 0
                },
                "pacs.002 confirmation received by pagador": {
                    "name": "pacs.002 confirmation received by pagador",
                    "path": "::pacs.002 confirmation received by pagador",
                    "id": "76c74b03eb4032f43e40bf459d63e6fe",
                    "passes": 35176,
                    "fails": 0
                }
            },
        "name": "",
        "path": ""
    }
}