{
    "metrics": {
        "http_req_sending": {
            "avg": 1.1227011250488261,
            "min": 0.008924,
            "med": 0.031004,
            "max": 215.493753,
            "p(90)": 2.6074034,
            "p(95)": 6.542499049999995
        },
        "http_req_tls_handshaking": {
            "avg": 0,
            "min": 0,
            "med": 0,
            "max": 0,
            "p(90)": 0,
            "p(95)": 0
        },
        "iterations": {
            "count": 50,
            "rate": 0.5057334094911341
        },
        "transactions_in_flight": {
            "value": 0,
            "min": 0,
            "max": 238
        },
        "vus_max": {
            "value": 50,
            "min": 50,
            "max": 50
        },
        "late_pacs002_confirmations": {
            "count": 227,
            "rate": 2.2960296790897488
        },
        "confirmation_check_duration": {
            "max": 10263,
            "p(90)": 10076.8,
            "p(95)": 10106.25,
            "avg": 9981.706896551725,
            "min": 7095,
            "med": 10019
        },
        "total_transaction_duration": {
            "p(95)": 19791.7,
            "avg": 15496.051724137931,
            "min": 7309,
            "med": 15537.5,
            "max": 20061,
            "p(90)": 19560.4,
            "thresholds": {
                "p(99)<4600": true
            }
        },
        "status_report_duration": {
            "min": 3,
            "med": 17,
            "max": 204,
            "p(90)": 70.9,
            "p(95)": 87.89999999999998,
            "avg": 30.400862068965516
        },
        "http_req_receiving": {
            "avg": 0.8712367282600163,
            "min": 0.010514,
            "med": 0.0411275,
            "max": 180.18183,
            "p(90)": 0.18585269999999998,
            "p(95)": 3.8510544499999937
        },
        "http_req_connecting": {
            "p(90)": 0,
            "p(95)": 0,
            "avg": 0.00425056340339089,
            "min": 0,
            "med": 0,
            "max": 45.223005
        },
        "vus": {
            "value": 50,
            "min": 50,
            "max": 50
        },
        "late_transactions": {
            "rate": 256.518099962093,
            "count": 25361
        },
        "checks": {
            "passes": 25835,
            "fails": 25361,
            "value": 0.5046292679115556
        },
        "grpc_streams_msgs_received": {
            "count": 25830,
            "rate": 261.26187934311986
        },
        "http_req_blocked": {
            "p(95)": 0.01782969999999996,
            "avg": 0.031025455035549595,
            "min": 0.002776,
            "med": 0.008639,
            "max": 58.979422,
            "p(90)": 0.012984299999999999
        },
        "grpc_streams": {
            "count": 100,
            "rate": 1.0114668189822682
        },
        "http_req_failed": {
            "fails": 25598,
            "passes": 0,
            "value": 0
        },
        "late_pacs008_notifications": {
            "count": 25134,
            "rate": 254.2220702830033
        },
        "transactions_started": {
            "count": 25366,
            "rate": 256.56867330304215
        },
        "http_req_duration": {
            "min": 1.929436,
            "med": 32.0922925,
            "max": 354.765724,
            "p(90)": 82.88251389999999,
            "p(95)": 98.59283094999996,
            "avg": 41.36447063184629
        },
        "data_received": {
            "count": 21444955,
            "rate": 216908.60417067885
        },
        "http_req_waiting": {
            "avg": 39.37053277853743,
            "min": 1.852125,
            "med": 29.808359000000003,
            "max": 310.944376,
            "p(90)": 79.7483302,
            "p(95)": 93.90616994999993
        },
        "confirmation_timeouts": {
            "rate": 2.2960296790897488,
            "count": 227
        },
        "data_sent": {
            "count": 23335937,
            "rate": 236035.25965360613
        },
        "transfer_request_duration": {
            "avg": 42.17235669794213,
            "min": 2,
            "med": 33,
            "max": 355,
            "p(90)": 84,
            "p(95)": 100
        },
        "grpc_streams_msgs_sent": {
            "count": 100,
            "rate": 1.0114668189822682
        },
        "iteration_duration": {
            "p(90)": 98855.0406577,
            "p(95)": 98859.27951715,
            "avg": 98830.28881065999,
            "min": 98747.011483,
            "med": 98844.615698,
            "max": 98866.193524
        },
        "http_reqs": {
            "count": 25598,
            "rate": 258.915276323081
        },
        "notification_timeouts": {
            "count": 25134,
            "rate": 254.2220702830033
        },
        "grpc_req_duration": {
            "avg": 98786.13455304998,
            "min": 98671.992787,
            "med": 98800.2658025,
            "max": 98843.175612,
            "p(90)": 98834.4123958,
            "p(95)": 98840.43255195
        },
        "http_req_duration{expected_response:true}": {
            "p(90)": 82.88251389999999,
            "p(95)": 98.59283094999996,
            "avg": 41.36447063184629,
            "min": 1.929436,
            "med": 32.0922925,
            "max": 354.765724
        },
        "transaction_failure": {
            "count": 25361,
            "rate": 256.518099962093
        },
        "transaction_success": {
            "count": 5,
            "rate": 0.05057334094911341
        },
        "fetch_messages_duration": {
            "avg": 9987.379760309075,
            "min": 161,
            "med": 10013,
            "max": 10519,
            "p(90)": 10074,
            "p(95)": 10104
        }
    },
    "root_group": {
        "name": "",
        "path": "",
        "id": "d41d8cd98f00b204e9800998ecf8427e",
        "groups": {},
        "checks": {
                "transfer request accepted by SPI": {
                    "path": "::transfer request accepted by SPI",
                    "id": "419a96930eb7943bf5023905eacd3aa6",
                    "passes": 25366,
                    "fails": 0,
                    "name": "transfer request accepted by SPI"
                },
                "pacs.008 notification received by recebedor": {
                    "passes": 232,
                    "fails": 25134,
                    "name": "pacs.008 notification received by recebedor",
                    "path": "::pacs.008 notification received by recebedor",
                    "id": "93435e0f0af7a25ea42491fbb759fdea"
                },
                "status report accepted by SPI": {
                    "path": "::status report accepted by SPI",
                    "id": "b2cc99870d55467dc3b3f287d32c1531",
                    "passes": 232,
                    "fails": 0,
                    "name": "status report accepted by SPI"
                },
                "pacs.002 confirmation received by pagador": {
                    "name": "pacs.002 confirmation received by pagador",
                    "path": "::pacs.002 confirmation received by pagador",
                    "id": "76c74b03eb4032f43e40bf459d63e6fe",
                    "passes": 5,
                    "fails": 227
                }
            }
    }
}