{
    "root_group": {
        "id": "d41d8cd98f00b204e9800998ecf8427e",
        "groups": {},
        "checks": {
                "transfer request accepted by SPI": {
                    "name": "transfer request accepted by SPI",
                    "path": "::transfer request accepted by SPI",
                    "id": "419a96930eb7943bf5023905eacd3aa6",
                    "passes": 16198,
                    "fails": 0
                },
                "pacs.008 notification received by recebedor": {
                    "name": "pacs.008 notification received by recebedor",
                    "path": "::pacs.008 notification received by recebedor",
                    "id": "93435e0f0af7a25ea42491fbb759fdea",
                    "passes": 328,
                    "fails": 15870
                },
                "status report accepted by SPI": {
                    "name": "status report accepted by SPI",
                    "path": "::status report accepted by SPI",
                    "id": "b2cc99870d55467dc3b3f287d32c1531",
                    "passes": 328,
                    "fails": 0
                },
                "pacs.002 confirmation received by pagador": {
                    "name": "pacs.002 confirmation received by pagador",
                    "path": "::pacs.002 confirmation received by pagador",
                    "id": "76c74b03eb4032f43e40bf459d63e6fe",
                    "passes": 0,
                    "fails": 328
                }
            },
        "name": "",
        "path": ""
    },
    "metrics": {
        "iteration_duration": {
            "avg": 98799.40292677999,
            "min": 98385.158555,
            "med": 98799.6104405,
            "max": 98949.333199,
            "p(90)": 98887.9208162,
            "p(95)": 98916.1064729
        },
        "http_req_tls_handshaking": {
            "avg": 0,
            "min": 0,
            "med": 0,
            "max": 0,
            "p(90)": 0,
            "p(95)": 0
        },
        "http_reqs": {
            "count": 16526,
            "rate": 167.01352117142005
        },
        "http_req_blocked": {
            "p(95)": 0.01995825,
            "avg": 0.04483506335471378,
            "min": 0.001683,
            "med": 0.010214,
            "max": 72.622924,
            "p(90)": 0.0146275
        },
        "http_req_duration{expected_response:true}": {
            "avg": 93.50096168358904,
            "min": 7.822849,
            "med": 77.45703900000001,
            "max": 2419.986516,
            "p(90)": 159.782867,
            "p(95)": 190.54277025
        },
        "grpc_streams": {
            "count": 100,
            "rate": 1.0106106811776598
        },
        "late_pacs008_notifications": {
            "rate": 160.3839151028946,
            "count": 15870
        },
        "data_received": {
            "count": 13795586,
            "rate": 139419.66564704987
        },
        "http_req_duration": {
            "p(90)": 159.782867,
            "p(95)": 190.54277025,
            "avg": 93.50096168358904,
            "min": 7.822849,
            "med": 77.45703900000001,
            "max": 2419.986516
        },
        "http_req_connecting": {
            "avg": 0.0047792965629916495,
            "min": 0,
            "med": 0,
            "max": 52.483621,
            "p(90)": 0,
            "p(95)": 0
        },
        "grpc_streams_msgs_received": {
            "count": 16854,
            "rate": 170.32832420568278
        },
        "confirmation_timeouts": {
            "rate": 3.314803034262724,
            "count": 328
        },
        "http_req_sending": {
            "p(90)": 2.302842,
            "p(95)": 6.46147075,
            "avg": 1.247860093307513,
            "min": 0.006805,
            "med": 0.0355235,
            "max": 329.116333
        },
        "fetch_messages_duration": {
            "min": 4091,
            "med": 10019,
            "max": 10690,
            "p(90)": 10099,
            "p(95)": 10131,
            "avg": 9987.233917767626
        },
        "late_pacs002_confirmations": {
            "rate": 3.314803034262724,
            "count": 328
        },
        "grpc_req_duration": {
            "avg": 98665.18103386002,
            "min": 98244.379276,
            "med": 98664.2508735,
            "max": 98818.29067,
            "p(90)": 98760.17919810001,
            "p(95)": 98783.6670304
        },
        "vus_max": {
            "value": 50,
            "min": 50,
            "max": 50
        },
        "http_req_receiving": {
            "avg": 0.7402282320585748,
            "min": 0.008908,
            "med": 0.048208,
            "max": 281.083106,
            "p(90)": 0.15891650000000002,
            "p(95)": 1.9504887499999999
        },
        "vus": {
            "value": 50,
            "min": 50,
            "max": 50
        },
        "transfer_request_duration": {
            "max": 2423,
            "p(90)": 159,
            "p(95)": 191,
            "avg": 93.94005432769478,
            "min": 8,
            "med": 78
        },
        "data_sent": {
            "count": 14994130,
            "rate": 151532.27932966384
        },
        "confirmation_check_duration": {
            "p(95)": 10127.65,
            "avg": 10046.314024390244,
            "min": 10000,
            "med": 10030.5,
            "max": 10183,
            "p(90)": 10111
        },
        "grpc_streams_msgs_sent": {
            "count": 100,
            "rate": 1.0106106811776598
        },
        "total_transaction_duration": {
            "min": 15596,
            "med": 18096.5,
            "max": 20514,
            "p(90)": 19853.3,
            "p(95)": 20137.6,
            "avg": 18124.344512195123,
            "thresholds": {
                "p(99)<4600": true
            }
        },
        "transactions_in_flight": {
            "value": 0,
            "min": 0,
            "max": 124
        },
        "http_req_failed": {
            "passes": 0,
            "fails": 16526,
            "value": 0
        },
        "iterations": {
            "count": 50,
            "rate": 0.5053053405888299
        },
        "checks": {
            "passes": 16854,
            "fails": 16198,
            "value": 0.5099237565049014
        },
        "http_req_waiting": {
            "min": 6.107198,
            "med": 75.27559350000001,
            "max": 2419.806546,
            "p(90)": 157.2938125,
            "p(95)": 189.534996,
            "avg": 91.51287335822337
        },
        "status_report_duration": {
            "p(90)": 209.3,
            "p(95)": 231.94999999999993,
            "avg": 131.97560975609755,
            "min": 14,
            "med": 119,
            "max": 387
        },
        "transaction_failure": {
            "count": 16198,
            "rate": 163.69871813715733
        },
        "transactions_started": {
            "rate": 163.69871813715733,
            "count": 16198
        },
        "late_transactions": {
            "count": 16198,
            "rate": 163.69871813715733
        },
        "notification_timeouts": {
            "count": 15870,
            "rate": 160.3839151028946
        }
    }
}