{
    "metrics": {
        "transaction_failure": {
            "count": 7220,
            "rate": 71.46910821110329
        },
        "confirmation_check_duration": {
            "avg": 6357.513993336506,
            "min": 10,
            "med": 7018.5,
            "max": 10516,
            "p(90)": 10018,
            "p(95)": 10047
        },
        "late_transactions": {
            "count": 7174,
            "rate": 71.01376486238989
        },
        "checks": {
            "passes": 84512,
            "fails": 7220,
            "value": 0.9212924606462303
        },
        "grpc_streams_msgs_received": {
            "rate": 661.5346955329686,
            "count": 66830
        },
        "confirmation_timeouts": {
            "count": 3374,
            "rate": 33.398444751282895
        },
        "total_transaction_duration": {
            "avg": 12151.703236554022,
            "min": 36,
            "med": 13559,
            "max": 20761,
            "p(90)": 19878.100000000002,
            "p(95)": 19993,
            "thresholds": {
                "p(99)<4600": true
            }
        },
        "http_req_waiting": {
            "avg": 27.387721908995815,
            "min": 1.003989,
            "med": 19.992411,
            "max": 257.356037,
            "p(90)": 59.579589,
            "p(95)": 73.55338725
        },
        "http_req_connecting": {
            "max": 43.290968,
            "p(90)": 0,
            "p(95)": 0,
            "avg": 0.0016869620634020843,
            "min": 0,
            "med": 0
        },
        "late_pacs008_notifications": {
            "count": 3800,
            "rate": 37.615320111106996
        },
        "vus_max": {
            "value": 50,
            "min": 50,
            "max": 50
        },
        "data_received": {
            "count": 30737414,
            "rate": 304262.54394674255
        },
        "http_req_blocked": {
            "med": 0.008038,
            "max": 67.147338,
            "p(90)": 0.012166,
            "p(95)": 0.02011575,
            "avg": 0.023504954192648163,
            "min": 0.00129
        },
        "fetch_messages_duration": {
            "avg": 6400.384615384615,
            "min": 10,
            "med": 6810,
            "max": 10624,
            "p(90)": 10015,
            "p(95)": 10044.25
        },
        "http_req_failed": {
            "passes": 0,
            "fails": 45866,
            "value": 0
        },
        "transactions_in_flight": {
            "value": 0,
            "min": 0,
            "max": 210
        },
        "iterations": {
            "count": 50,
            "rate": 0.4949384225145657
        },
        "http_reqs": {
            "count": 45866,
            "rate": 454.01691374106144
        },
        "http_req_duration{expected_response:true}": {
            "max": 287.585647,
            "p(90)": 63.086961,
            "p(95)": 78.0510015,
            "avg": 29.16502596945466,
            "min": 1.03392,
            "med": 21.537838999999998
        },
        "http_req_sending": {
            "med": 0.027662,
            "max": 115.984964,
            "p(90)": 1.4832045,
            "p(95)": 5.39152225,
            "avg": 0.9585312025901584,
            "min": 0.004378
        },
        "http_req_receiving": {
            "max": 264.891663,
            "p(90)": 0.23636800000000002,
            "p(95)": 3.3423295,
            "avg": 0.8187728578685706,
            "min": 0.005838,
            "med": 0.0385545
        },
        "http_req_duration": {
            "avg": 29.16502596945466,
            "min": 1.03392,
            "med": 21.537838999999998,
            "max": 287.585647,
            "p(90)": 63.086961,
            "p(95)": 78.0510015
        },
        "notification_timeouts": {
            "count": 3846,
            "rate": 38.070663459820395
        },
        "late_pacs002_confirmations": {
            "count": 3374,
            "rate": 33.398444751282895
        },
        "transfer_request_duration": {
            "med": 23,
            "max": 341,
            "p(90)": 68,
            "p(95)": 84,
            "avg": 31.548760862568393,
            "min": 1
        },
        "grpc_streams": {
            "count": 100,
            "rate": 0.9898768450291314
        },
        "grpc_req_duration": {
            "min": 100503.39337,
            "med": 100682.6666215,
            "max": 101015.357666,
            "p(90)": 100988.95267750001,
            "p(95)": 100992.4058153,
            "avg": 100727.74089616997
        },
        "grpc_streams_msgs_sent": {
            "count": 100,
            "rate": 0.9898768450291314
        },
        "vus": {
            "value": 8,
            "min": 8,
            "max": 50
        },
        "transaction_success": {
            "count": 17636,
            "rate": 174.57468038933763
        },
        "status_report_duration": {
            "med": 20,
            "max": 247,
            "p(90)": 60,
            "p(95)": 74,
            "avg": 27.772965254640646,
            "min": 1
        },
        "iteration_duration": {
            "min": 100530.105072,
            "med": 100700.7541805,
            "max": 101022.475032,
            "p(90)": 101001.79599930001,
            "p(95)": 101005.85144885,
            "avg": 100744.33502822001
        },
        "data_sent": {
            "count": 30081971,
            "rate": 297774.46545737825
        },
        "transactions_started": {
            "count": 24856,
            "rate": 246.0437886004409
        },
        "http_req_tls_handshaking": {
            "avg": 0,
            "min": 0,
            "med": 0,
            "max": 0,
            "p(90)": 0,
            "p(95)": 0
        }
    },
    "root_group": {
        "name": "",
        "path": "",
        "id": "d41d8cd98f00b204e9800998ecf8427e",
        "groups": {},
        "checks": {
                "transfer request accepted by SPI": {
                    "path": "::transfer request accepted by SPI",
                    "id": "419a96930eb7943bf5023905eacd3aa6",
                    "passes": 24856,
                    "fails": 0,
                    "name": "transfer request accepted by SPI"
                },
                "pacs.008 notification received by recebedor": {
                    "path": "::pacs.008 notification received by recebedor",
                    "id": "93435e0f0af7a25ea42491fbb759fdea",
                    "passes": 21010,
                    "fails": 3846,
                    "name": "pacs.008 notification received by recebedor"
                },
                "status report accepted by SPI": {
                    "name": "status report accepted by SPI",
                    "path": "::status report accepted by SPI",
                    "id": "b2cc99870d55467dc3b3f287d32c1531",
                    "passes": 21010,
                    "fails": 0
                },
                "pacs.002 confirmation received by pagador": {
                    "fails": 3374,
                    "name": "pacs.002 confirmation received by pagador",
                    "path": "::pacs.002 confirmation received by pagador",
                    "id": "76c74b03eb4032f43e40bf459d63e6fe",
                    "passes": 17636
                }
            }
    }
}