{
    "root_group": {
        "name": "",
        "path": "",
        "id": "d41d8cd98f00b204e9800998ecf8427e",
        "groups": {},
        "checks": {
                "transfer request accepted by SPI": {
                    "passes": 21808,
                    "fails": 0,
                    "name": "transfer request accepted by SPI",
                    "path": "::transfer request accepted by SPI",
                    "id": "419a96930eb7943bf5023905eacd3aa6"
                },
                "pacs.008 notification received by recebedor": {
                    "name": "pacs.008 notification received by recebedor",
                    "path": "::pacs.008 notification received by recebedor",
                    "id": "93435e0f0af7a25ea42491fbb759fdea",
                    "passes": 20725,
                    "fails": 1083
                },
                "status report accepted by SPI": {
                    "name": "status report accepted by SPI",
                    "path": "::status report accepted by SPI",
                    "id": "b2cc99870d55467dc3b3f287d32c1531",
                    "passes": 20725,
                    "fails": 0
                },
                "pacs.002 confirmation received by pagador": {
                    "name": "pacs.002 confirmation received by pagador",
                    "path": "::pacs.002 confirmation received by pagador",
                    "id": "76c74b03eb4032f43e40bf459d63e6fe",
                    "passes": 19434,
                    "fails": 1291
                }
            }
    },
    "metrics": {
        "http_req_waiting": {
            "avg": 33.489351175463845,
            "min": 0.968613,
            "med": 27.035595,
            "max": 346.309493,
            "p(90)": 66.65834960000001,
            "p(95)": 79.65289680000001
        },
        "http_req_duration{expected_response:true}": {
            "avg": 35.584457389203685,
            "min": 1.235892,
            "med": 29.000384,
            "max": 382.90249,
            "p(90)": 69.9624886,
            "p(95)": 84.29051300000003
        },
        "data_received": {
            "count": 28051558,
            "rate": 275151.167201427
        },
        "fetch_messages_duration": {
            "avg": 7093.7378484959645,
            "min": 22,
            "med": 8243,
            "max": 10664,
            "p(90)": 9874,
            "p(95)": 10007
        },
        "http_reqs": {
            "count": 42533,
            "rate": 417.19624252522067
        },
        "http_req_duration": {
            "min": 1.235892,
            "med": 29.000384,
            "max": 382.90249,
            "p(90)": 69.9624886,
            "p(95)": 84.29051300000003,
            "avg": 35.584457389203685
        },
        "iteration_duration": {
            "p(90)": 101929.40651700001,
            "p(95)": 101932.22508455001,
            "avg": 101884.17961919999,
            "min": 101769.46028,
            "med": 101886.561997,
            "max": 101948.775456
        },
        "confirmation_timeouts": {
            "count": 1291,
            "rate": 12.66311685279806
        },
        "http_req_blocked": {
            "p(95)": 0.022632200000000005,
            "avg": 0.04996598629299604,
            "min": 0.000945,
            "med": 0.008498,
            "max": 141.196824,
            "p(90)": 0.012718400000000008
        },
        "iterations": {
            "count": 50,
            "rate": 0.4904382979395066
        },
        "http_req_connecting": {
            "max": 80.47372,
            "p(90)": 0,
            "p(95)": 0,
            "avg": 0.009328139679778056,
            "min": 0,
            "med": 0
        },
        "transfer_request_duration": {
            "avg": 34.852943873807774,
            "min": 1,
            "med": 28,
            "max": 333,
            "p(90)": 70,
            "p(95)": 85
        },
        "status_report_duration": {
            "p(95)": 88,
            "avg": 38.18653799758746,
            "min": 2,
            "med": 31,
            "max": 386,
            "p(90)": 73
        },
        "grpc_req_duration": {
            "med": 101874.3716135,
            "max": 101938.642428,
            "p(90)": 101913.1033966,
            "p(95)": 101924.83708095,
            "avg": 101869.98583062002,
            "min": 101756.821059
        },
        "http_req_tls_handshaking": {
            "avg": 0,
            "min": 0,
            "med": 0,
            "max": 0,
            "p(90)": 0,
            "p(95)": 0
        },
        "transactions_in_flight": {
            "value": 0,
            "min": 0,
            "max": 204
        },
        "http_req_failed": {
            "passes": 0,
            "fails": 42533,
            "value": 0
        },
        "grpc_streams_msgs_received": {
            "count": 63250,
            "rate": 620.4044468934759
        },
        "transaction_success": {
            "count": 19434,
            "rate": 190.62355764312744
        },
        "notification_timeouts": {
            "count": 1083,
            "rate": 10.622893533369712
        },
        "http_req_receiving": {
            "avg": 1.0232311132767555,
            "min": 0.005044,
            "med": 0.040645,
            "max": 323.352927,
            "p(90)": 0.3297798000000012,
            "p(95)": 4.51848060000001
        },
        "grpc_streams_msgs_sent": {
            "count": 100,
            "rate": 0.9808765958790132
        },
        "total_transaction_duration": {
            "avg": 14497.390012062726,
            "min": 96,
            "med": 16786,
            "max": 20601,
            "p(90)": 19446.600000000002,
            "p(95)": 19755,
            "thresholds": {
                "p(99)<4600": true
            }
        },
        "vus": {
            "min": 50,
            "max": 50,
            "value": 50
        },
        "late_pacs008_notifications": {
            "count": 1075,
            "rate": 10.544423405699392
        },
        "grpc_streams": {
            "count": 100,
            "rate": 0.9808765958790132
        },
        "checks": {
            "passes": 82692,
            "fails": 2374,
            "value": 0.9720922577763149
        },
        "data_sent": {
            "rate": 266377.3437564807,
            "count": 27157070
        },
        "late_pacs002_confirmations": {
            "count": 1291,
            "rate": 12.66311685279806
        },
        "transactions_started": {
            "rate": 213.9095680292952,
            "count": 21808
        },
        "http_req_sending": {
            "min": 0.003548,
            "med": 0.028809,
            "max": 128.092139,
            "p(90)": 1.6720838000000005,
            "p(95)": 6.398559200000004,
            "avg": 1.0718751004631708
        },
        "transaction_failure": {
            "count": 2374,
            "rate": 23.286010386167774
        },
        "confirmation_check_duration": {
            "max": 10615,
            "p(90)": 9919,
            "p(95)": 10008,
            "avg": 7480.4183353437875,
            "min": 33,
            "med": 8450
        },
        "vus_max": {
            "value": 50,
            "min": 50,
            "max": 50
        }
    }
}