{
    "metrics": {
        "checks": {
            "passes": 26593,
            "fails": 23738,
            "value": 0.5283622419582364
        },
        "grpc_streams_msgs_received": {
            "count": 9544,
            "rate": 146.2016012204146
        },
        "transactions_in_flight": {
            "value": 34,
            "min": 1,
            "max": 120
        },
        "http_req_duration": {
            "p(90)": 134.40439670000004,
            "p(95)": 173.0920038,
            "avg": 72.79056163619202,
            "min": 4.071349,
            "med": 60.269035,
            "max": 1473.976361
        },
        "http_req_receiving": {
            "p(95)": 0.7102234499999981,
            "avg": 0.7581706415340853,
            "min": 0.008934,
            "med": 0.040186,
            "max": 141.304373,
            "p(90)": 0.08024880000000002
        },
        "grpc_streams_msgs_sent": {
            "count": 100,
            "rate": 1.531869250004344
        },
        "http_req_failed": {
            "passes": 0,
            "fails": 26022,
            "value": 0
        },
        "transactions_started": {
            "count": 25499,
            "rate": 390.61134005860765
        },
        "data_received": {
            "count": 8045981,
            "rate": 123253.90880019202
        },
        "notification_timeouts": {
            "count": 23263,
            "rate": 356.3587436285105
        },
        "transaction_failure": {
            "count": 23738,
            "rate": 363.63512256603116
        },
        "fetch_messages_duration": {
            "p(95)": 10158,
            "avg": 9935.492558647944,
            "min": 917,
            "med": 10028,
            "max": 10754,
            "p(90)": 10112
        },
        "http_req_tls_handshaking": {
            "p(95)": 0,
            "avg": 0,
            "min": 0,
            "med": 0,
            "max": 0,
            "p(90)": 0
        },
        "confirmation_check_duration": {
            "p(95)": 10113,
            "avg": 9812.946462715105,
            "min": 4763,
            "med": 10030,
            "max": 10248,
            "p(90)": 10093
        },
        "data_sent": {
            "rate": 353749.05117420317,
            "count": 23092640
        },
        "http_reqs": {
            "count": 26022,
            "rate": 398.6230162361304
        },
        "http_req_connecting": {
            "p(90)": 0,
            "p(95)": 0,
            "avg": 0.018475807432172777,
            "min": 0,
            "med": 0,
            "max": 141.729854
        },
        "status_report_duration": {
            "p(95)": 206.79999999999995,
            "avg": 120.77820267686424,
            "min": 13,
            "med": 108,
            "max": 291,
            "p(90)": 195
        },
        "vus": {
            "max": 50,
            "value": 50,
            "min": 50
        },
        "confirmation_timeouts": {
            "count": 475,
            "rate": 7.276378937520634
        },
        "http_req_duration{expected_response:true}": {
            "p(90)": 134.40439670000004,
            "p(95)": 173.0920038,
            "avg": 72.79056163619202,
            "min": 4.071349,
            "med": 60.269035,
            "max": 1473.976361
        },
        "http_req_waiting": {
            "avg": 71.20286105679828,
            "min": 3.511657,
            "med": 58.8372245,
            "max": 1472.762447,
            "p(90)": 130.40106850000004,
            "p(95)": 171.79166364999998
        },
        "transfer_request_duration": {
            "avg": 73.01121612612259,
            "min": 4,
            "med": 60,
            "max": 1475,
            "p(90)": 136,
            "p(95)": 174
        },
        "grpc_streams": {
            "count": 100,
            "rate": 1.531869250004344
        },
        "http_req_blocked": {
            "min": 0.002093,
            "med": 0.008442,
            "max": 145.661594,
            "p(90)": 0.012771800000000003,
            "p(95)": 0.014854749999999986,
            "avg": 0.0582105310506495
        },
        "vus_max": {
            "max": 50,
            "value": 50,
            "min": 50
        },
        "http_req_sending": {
            "avg": 0.8295299378602701,
            "min": 0.007015,
            "med": 0.028493,
            "max": 138.888106,
            "p(90)": 0.6686775000000017,
            "p(95)": 3.5806990999999697
        },
        "transaction_success": {
            "count": 48,
            "rate": 0.7352972400020851
        },
        "total_transaction_duration": {
            "max": 20565,
            "p(90)": 19705.8,
            "p(95)": 20186,
            "avg": 15160.44741873805,
            "min": 7258,
            "med": 14085,
            "thresholds": {
                "p(99)<4000": true
            }
        }
    },
    "root_group": {
        "groups": {},
        "checks": {
                "transfer request accepted by SPI": {
                    "id": "419a96930eb7943bf5023905eacd3aa6",
                    "passes": 25499,
                    "fails": 0,
                    "name": "transfer request accepted by SPI",
                    "path": "::transfer request accepted by SPI"
                },
                "pacs.008 notification received by recebedor": {
                    "name": "pacs.008 notification received by recebedor",
                    "path": "::pacs.008 notification received by recebedor",
                    "id": "93435e0f0af7a25ea42491fbb759fdea",
                    "passes": 523,
                    "fails": 23263
                },
                "status report accepted by SPI": {
                    "id": "b2cc99870d55467dc3b3f287d32c1531",
                    "passes": 523,
                    "fails": 0,
                    "name": "status report accepted by SPI",
                    "path": "::status report accepted by SPI"
                },
                "pacs.002 confirmation received by pagador": {
                    "id": "76c74b03eb4032f43e40bf459d63e6fe",
                    "passes": 48,
                    "fails": 475,
                    "name": "pacs.002 confirmation received by pagador",
                    "path": "::pacs.002 confirmation received by pagador"
                }
            },
        "name": "",
        "path": "",
        "id": "d41d8cd98f00b204e9800998ecf8427e"
    }
}