{
    "metrics": {
        "http_req_failed": {
            "passes": 0,
            "fails": 37176,
            "value": 0
        },
        "grpc_streams": {
            "count": 100,
            "rate": 1.0399834515545225
        },
        "transfer_request_duration": {
            "avg": 45.188655318733844,
            "min": 1,
            "med": 36,
            "max": 454,
            "p(90)": 88,
            "p(95)": 108
        },
        "confirmation_check_duration": {
            "p(95)": 10043,
            "avg": 6093.118994781983,
            "min": 31,
            "med": 6309,
            "max": 10569,
            "p(90)": 10009
        },
        "http_req_tls_handshaking": {
            "avg": 0,
            "min": 0,
            "med": 0,
            "max": 0,
            "p(90)": 0,
            "p(95)": 0
        },
        "vus": {
            "value": 47,
            "min": 47,
            "max": 50
        },
        "late_transactions": {
            "count": 5953,
            "rate": 61.91021487104072
        },
        "http_req_sending": {
            "min": 0.003907,
            "med": 0.0275065,
            "max": 124.728392,
            "p(90)": 1.0325980000000001,
            "p(95)": 4.49567925,
            "avg": 0.9089095437647985
        },
        "iteration_duration": {
            "avg": 96071.60897785999,
            "min": 95959.610753,
            "med": 96066.035897,
            "max": 96155.085898,
            "p(90)": 96150.8719821,
            "p(95)": 96152.79594785
        },
        "grpc_req_duration": {
            "min": 95942.473445,
            "med": 96046.077532,
            "max": 96151.069521,
            "p(90)": 96127.2582161,
            "p(95)": 96147.2930609,
            "avg": 96050.36862330999
        },
        "grpc_streams_msgs_received": {
            "count": 53849,
            "rate": 560.0206888275948
        },
        "transaction_failure": {
            "count": 5953,
            "rate": 61.91021487104072
        },
        "fetch_messages_duration": {
            "med": 7017,
            "max": 10591,
            "p(90)": 10022,
            "p(95)": 10055,
            "avg": 6892.60410671609,
            "min": 20
        },
        "vus_max": {
            "value": 50,
            "min": 50,
            "max": 50
        },
        "data_received": {
            "count": 25068058,
            "rate": 260703.6548260896
        },
        "checks": {
            "passes": 68399,
            "fails": 5953,
            "value": 0.9199349042392941
        },
        "grpc_streams_msgs_sent": {
            "count": 100,
            "rate": 1.0399834515545225
        },
        "transactions_started": {
            "count": 20503,
            "rate": 213.22780707222375
        },
        "http_req_connecting": {
            "min": 0,
            "med": 0,
            "max": 123.885388,
            "p(90)": 0,
            "p(95)": 0,
            "avg": 0.012213852727566171
        },
        "data_sent": {
            "count": 24582479,
            "rate": 255653.71358186565
        },
        "status_report_duration": {
            "med": 27,
            "max": 433,
            "p(90)": 71,
            "p(95)": 87,
            "avg": 35.44227193666407,
            "min": 1
        },
        "notification_timeouts": {
            "count": 3830,
            "rate": 39.83136619453821
        },
        "late_pacs008_notifications": {
            "count": 3830,
            "rate": 39.83136619453821
        },
        "http_req_duration": {
            "p(90)": 79.7787855,
            "p(95)": 98.07163775000001,
            "avg": 39.987062246529966,
            "min": 1.095133,
            "med": 31.0789575,
            "max": 453.718207
        },
        "http_req_receiving": {
            "med": 0.038552,
            "max": 156.650354,
            "p(90)": 0.090013,
            "p(95)": 1.5690385,
            "avg": 0.7082635147944967,
            "min": 0.005946
        },
        "http_req_duration{expected_response:true}": {
            "p(90)": 79.7787855,
            "p(95)": 98.07163775000001,
            "avg": 39.987062246529966,
            "min": 1.095133,
            "med": 31.0789575,
            "max": 453.718207
        },
        "transaction_success": {
            "count": 14550,
            "rate": 151.31759220118303
        },
        "total_transaction_duration": {
            "max": 20461,
            "p(90)": 16323.800000000001,
            "p(95)": 17666,
            "avg": 12342.57638097523,
            "min": 206,
            "med": 12875,
            "thresholds": {
                "p(99)<4600": true
            }
        },
        "confirmation_timeouts": {
            "count": 2123,
            "rate": 22.078848676502513
        },
        "late_pacs002_confirmations": {
            "count": 2123,
            "rate": 22.078848676502513
        },
        "iterations": {
            "count": 50,
            "rate": 0.5199917257772613
        },
        "transactions_in_flight": {
            "value": 0,
            "min": 0,
            "max": 185
        },
        "http_reqs": {
            "count": 37176,
            "rate": 386.62424794990926
        },
        "http_req_blocked": {
            "p(95)": 0.0169055,
            "avg": 0.05313262534968817,
            "min": 0.001076,
            "med": 0.00812,
            "max": 124.026077,
            "p(90)": 0.01284
        },
        "http_req_waiting": {
            "p(90)": 76.338934,
            "p(95)": 93.43779825,
            "avg": 38.36988918797094,
            "min": 1.070709,
            "med": 29.809894,
            "max": 441.375663
        }
    },
    "root_group": {
        "groups": {},
        "checks": {
                "transfer request accepted by SPI": {
                    "path": "::transfer request accepted by SPI",
                    "id": "419a96930eb7943bf5023905eacd3aa6",
                    "passes": 20503,
                    "fails": 0,
                    "name": "transfer request accepted by SPI"
                },
                "pacs.008 notification received by recebedor": {
                    "name": "pacs.008 notification received by recebedor",
                    "path": "::pacs.008 notification received by recebedor",
                    "id": "93435e0f0af7a25ea42491fbb759fdea",
                    "passes": 16673,
                    "fails": 3830
                },
                "status report accepted by SPI": {
                    "name": "status report accepted by SPI",
                    "path": "::status report accepted by SPI",
                    "id": "b2cc99870d55467dc3b3f287d32c1531",
                    "passes": 16673,
                    "fails": 0
                },
                "pacs.002 confirmation received by pagador": {
                    "name": "pacs.002 confirmation received by pagador",
                    "path": "::pacs.002 confirmation received by pagador",
                    "id": "76c74b03eb4032f43e40bf459d63e6fe",
                    "passes": 14550,
                    "fails": 2123
                }
            },
        "name": "",
        "path": "",
        "id": "d41d8cd98f00b204e9800998ecf8427e"
    }
}