{
    "metrics": {
        "data_sent": {
            "count": 138614464,
            "rate": 924032.3927311033
        },
        "http_req_tls_handshaking": {
            "avg": 0,
            "min": 0,
            "med": 0,
            "max": 0,
            "p(90)": 0,
            "p(95)": 0
        },
        "http_req_failed": {
            "passes": 51,
            "fails": 401841,
            "value": 0.00012689976411573258
        },
        "vus_max": {
            "max": 8000,
            "value": 8000,
            "min": 7339
        },
        "http_req_waiting": {
            "p(95)": 3458.845933849996,
            "avg": 1935.3855757296092,
            "min": 0.915744,
            "med": 1911.918454,
            "max": 35894.424709,
            "p(90)": 3017.8999873
        },
        "iteration_duration": {
            "avg": 9545.418290939746,
            "min": 3344.613382,
            "med": 9597.431928,
            "max": 102527.849468,
            "p(90)": 11794.0020507,
            "p(95)": 12127.36556655
        },
        "http_req_duration": {
            "avg": 1963.8794424638688,
            "min": 0.952077,
            "med": 1938.2927215,
            "max": 35935.653741,
            "p(90)": 3048.4782132000005,
            "p(95)": 3496.7943517
        },
        "data_received": {
            "count": 171599760,
            "rate": 1143919.1282728119
        },
        "iterations": {
            "count": 100458,
            "rate": 669.6735927138252
        },
        "vus": {
            "value": 3,
            "min": 0,
            "max": 8000
        },
        "http_reqs": {
            "count": 401892,
            "rate": 2679.0943431378746
        },
        "http_req_blocked": {
            "avg": 11.89611898820789,
            "min": 0.001066,
            "med": 0.004431,
            "max": 4097.567826,
            "p(90)": 0.008022,
            "p(95)": 0.013496
        },
        "http_req_receiving": {
            "med": 0.025908,
            "max": 3512.13117,
            "p(90)": 0.3574092000000004,
            "p(95)": 0.5597140999999992,
            "avg": 17.91593929257082,
            "min": 0.007073
        },
        "checks": {
            "fails": 4,
            "passes": 301375,
            "value": 0.99998672767512
        },
        "http_req_duration{expected_response:true}": {
            "avg": 1963.4389266355442,
            "min": 0.952077,
            "med": 1938.263095,
            "max": 34295.802656,
            "p(90)": 3048.402893,
            "p(95)": 3496.576768
        },
        "http_req_sending": {
            "avg": 10.577927441775264,
            "min": 0.003777,
            "med": 0.014185,
            "max": 2653.595074,
            "p(90)": 0.1019307000000003,
            "p(95)": 0.5450617499999881
        },
        "http_req_connecting": {
            "p(95)": 0,
            "avg": 11.468736259783755,
            "min": 0,
            "med": 0,
            "max": 4097.528477,
            "p(90)": 0
        }
    },
    "root_group": {
        "name": "",
        "path": "",
        "id": "d41d8cd98f00b204e9800998ecf8427e",
        "groups": {},
        "checks": {
                "transfer request accepted by SPI": {
                    "name": "transfer request accepted by SPI",
                    "path": "::transfer request accepted by SPI",
                    "id": "419a96930eb7943bf5023905eacd3aa6",
                    "passes": 100461,
                    "fails": 0
                },
                "status report accepted by SPI": {
                    "passes": 100460,
                    "fails": 0,
                    "name": "status report accepted by SPI",
                    "path": "::status report accepted by SPI",
                    "id": "b2cc99870d55467dc3b3f287d32c1531"
                },
                "confirmation received": {
                    "id": "cf2b25c1eee1a4f3338ef5954938a451",
                    "passes": 100454,
                    "fails": 4,
                    "name": "confirmation received",
                    "path": "::confirmation received"
                }
            }
    }
}