{
    "root_group": {
        "name": "",
        "path": "",
        "id": "d41d8cd98f00b204e9800998ecf8427e",
        "groups": {},
        "checks": {
                "transfer request accepted by SPI": {
                    "fails": 0,
                    "name": "transfer request accepted by SPI",
                    "path": "::transfer request accepted by SPI",
                    "id": "419a96930eb7943bf5023905eacd3aa6",
                    "passes": 196953
                },
                "status report accepted by SPI": {
                    "id": "b2cc99870d55467dc3b3f287d32c1531",
                    "passes": 196953,
                    "fails": 0,
                    "name": "status report accepted by SPI",
                    "path": "::status report accepted by SPI"
                },
                "confirmation received": {
                    "name": "confirmation received",
                    "path": "::confirmation received",
                    "id": "cf2b25c1eee1a4f3338ef5954938a451",
                    "passes": 196953,
                    "fails": 0
                }
            }
    },
    "metrics": {
        "http_req_waiting": {
            "avg": 458.6275613096965,
            "min": 0.463646,
            "med": 397.19253349999997,
            "max": 2666.698464,
            "p(90)": 822.8343518000003,
            "p(95)": 1001.3565126999999
        },
        "vus_max": {
            "value": 8000,
            "min": 8000,
            "max": 8000
        },
        "vus": {
            "max": 8000,
            "value": 7740,
            "min": 4574
        },
        "http_req_duration": {
            "avg": 462.8585486488263,
            "min": 0.540589,
            "med": 400.073988,
            "max": 2968.912455,
            "p(90)": 829.0956206,
            "p(95)": 1016.4717026499999
        },
        "status_report_duration": {
            "avg": 665.2731819266526,
            "min": 5,
            "med": 606,
            "max": 3131,
            "p(90)": 1098,
            "p(95)": 1288
        },
        "http_req_tls_handshaking": {
            "avg": 0,
            "min": 0,
            "med": 0,
            "max": 0,
            "p(90)": 0,
            "p(95)": 0
        },
        "iteration_duration": {
            "avg": 4622.894295179264,
            "min": 711.024477,
            "med": 4655.361526,
            "max": 10196.917831,
            "p(90)": 5973.212492400001,
            "p(95)": 6531.5251784
        },
        "http_req_sending": {
            "avg": 1.9844219921656654,
            "min": 0.002557,
            "med": 0.012936,
            "max": 2219.580284,
            "p(90)": 0.03765590000000003,
            "p(95)": 0.216591
        },
        "http_req_failed": {
            "passes": 0,
            "fails": 787812,
            "value": 0
        },
        "data_received": {
            "count": 432197361,
            "rate": 3568662.852478732
        },
        "transaction_success": {
            "count": 196953,
            "rate": 1626.245132913349
        },
        "data_sent": {
            "count": 271898200,
            "rate": 2245069.2520443983
        },
        "http_reqs": {
            "count": 787812,
            "rate": 6504.980531653396
        },
        "http_req_duration{expected_response:true}": {
            "med": 400.073988,
            "max": 2968.912455,
            "p(90)": 829.0956206,
            "p(95)": 1016.4717026499999,
            "avg": 462.8585486488263,
            "min": 0.540589
        },
        "http_req_connecting": {
            "avg": 3.6357573614390253,
            "min": 0,
            "med": 0,
            "max": 1376.100104,
            "p(90)": 0,
            "p(95)": 0
        },
        "http_req_receiving": {
            "min": 0.00503,
            "med": 0.021489,
            "max": 1767.963174,
            "p(90)": 0.227449,
            "p(95)": 0.4273107999999998,
            "avg": 2.2465653469507747
        },
        "total_transaction_duration": {
            "avg": 4300.559234944378,
            "min": 711,
            "med": 4283,
            "max": 8764,
            "p(90)": 5561,
            "p(95)": 6083,
            "thresholds": {
                "p(99)<4000": true
            }
        },
        "checks": {
            "passes": 590859,
            "fails": 0,
            "value": 1
        },
        "confirmation_check_duration": {
            "min": 8,
            "med": 683,
            "max": 3166,
            "p(90)": 1270,
            "p(95)": 1567,
            "avg": 756.8824237254573
        },
        "http_req_blocked": {
            "p(95)": 0.008259,
            "avg": 3.723658035164234,
            "min": 0.000776,
            "med": 0.004181,
            "max": 1504.068354,
            "p(90)": 0.006784
        },
        "fetch_messages_duration": {
            "max": 3148,
            "p(90)": 1135,
            "p(95)": 1377,
            "avg": 703.0411113311297,
            "min": 6,
            "med": 651
        },
        "transfer_request_duration": {
            "avg": 732.512543601773,
            "min": 12,
            "med": 684,
            "max": 2869,
            "p(90)": 1171,
            "p(95)": 1413
        },
        "iterations": {
            "count": 196953,
            "rate": 1626.245132913349
        }
    }
}