{
    "root_group": {
        "name": "",
        "path": "",
        "id": "d41d8cd98f00b204e9800998ecf8427e",
        "groups": {},
        "checks": {
                "transfer request accepted by SPI": {
                    "id": "419a96930eb7943bf5023905eacd3aa6",
                    "passes": 18775,
                    "fails": 0,
                    "name": "transfer request accepted by SPI",
                    "path": "::transfer request accepted by SPI"
                },
                "pacs.008 notification received by recebedor": {
                    "id": "93435e0f0af7a25ea42491fbb759fdea",
                    "passes": 1237,
                    "fails": 17538,
                    "name": "pacs.008 notification received by recebedor",
                    "path": "::pacs.008 notification received by recebedor"
                },
                "status report accepted by SPI": {
                    "id": "b2cc99870d55467dc3b3f287d32c1531",
                    "passes": 1237,
                    "fails": 0,
                    "name": "status report accepted by SPI",
                    "path": "::status report accepted by SPI"
                },
                "pacs.002 confirmation received by pagador": {
                    "name": "pacs.002 confirmation received by pagador",
                    "path": "::pacs.002 confirmation received by pagador",
                    "id": "76c74b03eb4032f43e40bf459d63e6fe",
                    "passes": 290,
                    "fails": 947
                }
            }
    },
    "metrics": {
        "late_pacs008_notifications": {
            "count": 17538,
            "rate": 177.13577801357212
        },
        "http_req_duration{expected_response:true}": {
            "avg": 76.87659888197078,
            "min": 3.505196,
            "med": 61.8341715,
            "max": 2504.845493,
            "p(90)": 120.0119693,
            "p(95)": 179.56253745
        },
        "transfer_request_duration": {
            "max": 2505,
            "p(90)": 116,
            "p(95)": 165,
            "avg": 74.56772303595207,
            "min": 4,
            "med": 60
        },
        "status_report_duration": {
            "p(95)": 346.20000000000005,
            "avg": 122.39450282942603,
            "min": 14,
            "med": 89,
            "max": 541,
            "p(90)": 284.2000000000003
        },
        "data_sent": {
            "count": 17662687,
            "rate": 178395.13077632603
        },
        "vus_max": {
            "value": 50,
            "min": 50,
            "max": 50
        },
        "checks": {
            "passes": 21539,
            "fails": 18485,
            "value": 0.5381521087347592
        },
        "http_req_tls_handshaking": {
            "p(90)": 0,
            "p(95)": 0,
            "avg": 0,
            "min": 0,
            "med": 0,
            "max": 0
        },
        "grpc_streams_msgs_sent": {
            "count": 100,
            "rate": 1.0100112784443616
        },
        "vus": {
            "min": 1,
            "max": 50,
            "value": 1
        },
        "fetch_messages_duration": {
            "avg": 9834.442663115846,
            "min": 1144,
            "med": 10011,
            "max": 10554,
            "p(90)": 10073,
            "p(95)": 10100
        },
        "http_req_connecting": {
            "p(90)": 0,
            "p(95)": 0,
            "avg": 0.0017955126424145512,
            "min": 0,
            "med": 0,
            "max": 19.541687
        },
        "late_transactions": {
            "count": 18485,
            "rate": 186.7005848204402
        },
        "late_pacs002_confirmations": {
            "count": 947,
            "rate": 9.564806806868104
        },
        "confirmation_timeouts": {
            "count": 947,
            "rate": 9.564806806868104
        },
        "http_req_failed": {
            "passes": 0,
            "fails": 20012,
            "value": 0
        },
        "grpc_req_duration": {
            "avg": 98712.51370859,
            "min": 98552.281414,
            "med": 98713.5891045,
            "max": 98899.625377,
            "p(90)": 98802.5877071,
            "p(95)": 98815.7213419
        },
        "http_req_waiting": {
            "avg": 75.35743902008758,
            "min": 3.188767,
            "med": 60.218382,
            "max": 2504.73,
            "p(90)": 117.31939880000004,
            "p(95)": 177.80382055000027
        },
        "iteration_duration": {
            "avg": 98815.48156329997,
            "min": 98658.082414,
            "med": 98822.274288,
            "max": 99001.728615,
            "p(90)": 98908.3045866,
            "p(95)": 98916.27210585
        },
        "grpc_streams": {
            "count": 100,
            "rate": 1.0100112784443616
        },
        "http_req_duration": {
            "max": 2504.845493,
            "p(90)": 120.0119693,
            "p(95)": 179.56253745,
            "avg": 76.87659888197078,
            "min": 3.505196,
            "med": 61.8341715
        },
        "notification_timeouts": {
            "rate": 177.13577801357212,
            "count": 17538
        },
        "transaction_success": {
            "count": 290,
            "rate": 2.9290327074886484
        },
        "http_reqs": {
            "rate": 202.12345704228562,
            "count": 20012
        },
        "iterations": {
            "count": 50,
            "rate": 0.5050056392221808
        },
        "transactions_in_flight": {
            "value": 0,
            "min": 0,
            "max": 178
        },
        "http_req_blocked": {
            "avg": 0.024533519788127154,
            "min": 0.002322,
            "med": 0.008469,
            "max": 68.28679,
            "p(90)": 0.012492,
            "p(95)": 0.014554150000000005
        },
        "http_req_receiving": {
            "avg": 0.6501896692484495,
            "min": 0.012751,
            "med": 0.0407945,
            "max": 310.78912,
            "p(90)": 0.09883610000000036,
            "p(95)": 1.383388700000001
        },
        "data_received": {
            "count": 16383119,
            "rate": 165471.3496609611
        },
        "total_transaction_duration": {
            "p(95)": 20145.2,
            "avg": 16693.008892481812,
            "min": 6440,
            "med": 18365,
            "max": 20532,
            "p(90)": 20054.6,
            "thresholds": {
                "p(99)<4600": true
            }
        },
        "confirmation_check_duration": {
            "avg": 9208.86014551334,
            "min": 2926,
            "med": 10014,
            "max": 10282,
            "p(90)": 10076,
            "p(95)": 10097
        },
        "http_req_sending": {
            "avg": 0.8689701926344222,
            "min": 0.009035,
            "med": 0.029922,
            "max": 122.1427,
            "p(90)": 1.303666500000001,
            "p(95)": 4.683752550000003
        },
        "transaction_failure": {
            "count": 18485,
            "rate": 186.7005848204402
        },
        "grpc_streams_msgs_received": {
            "count": 21249,
            "rate": 214.61729655664237
        },
        "transactions_started": {
            "count": 18775,
            "rate": 189.62961752792887
        }
    }
}