{
    "root_group": {
        "name": "",
        "path": "",
        "id": "d41d8cd98f00b204e9800998ecf8427e",
        "groups": {},
        "checks": {
                "transfer request accepted by SPI": {
                    "fails": 0,
                    "name": "transfer request accepted by SPI",
                    "path": "::transfer request accepted by SPI",
                    "id": "419a96930eb7943bf5023905eacd3aa6",
                    "passes": 22857
                },
                "pacs.008 notification received by recebedor": {
                    "passes": 22857,
                    "fails": 0,
                    "name": "pacs.008 notification received by recebedor",
                    "path": "::pacs.008 notification received by recebedor",
                    "id": "93435e0f0af7a25ea42491fbb759fdea"
                },
                "status report accepted by SPI": {
                    "id": "b2cc99870d55467dc3b3f287d32c1531",
                    "passes": 22857,
                    "fails": 0,
                    "name": "status report accepted by SPI",
                    "path": "::status report accepted by SPI"
                },
                "pacs.002 confirmation received by pagador": {
                    "id": "76c74b03eb4032f43e40bf459d63e6fe",
                    "passes": 22857,
                    "fails": 0,
                    "name": "pacs.002 confirmation received by pagador",
                    "path": "::pacs.002 confirmation received by pagador"
                }
            }
    },
    "metrics": {
        "iteration_duration": {
            "avg": 94395.22761161996,
            "min": 94293.67922,
            "med": 94395.02531550001,
            "max": 94415.87557,
            "p(90)": 94411.292211,
            "p(95)": 94413.1255664
        },
        "http_req_duration{expected_response:true}": {
            "avg": 32.90826754007503,
            "min": 1.757564,
            "med": 25.663399,
            "max": 316.648026,
            "p(90)": 62.08814870000001,
            "p(95)": 76.03516504999999
        },
        "http_req_connecting": {
            "avg": 0.0031121718729492064,
            "min": 0,
            "med": 0,
            "max": 25.03361,
            "p(90)": 0,
            "p(95)": 0
        },
        "total_transaction_duration": {
            "p(90)": 8467.400000000001,
            "p(95)": 8653,
            "avg": 5634.242070262939,
            "min": 88,
            "med": 6527,
            "max": 9482,
            "thresholds": {
                "p(99)<4600": true
            }
        },
        "data_sent": {
            "count": 28975212,
            "rate": 306879.644117961
        },
        "http_req_failed": {
            "passes": 0,
            "fails": 45714,
            "value": 0
        },
        "http_reqs": {
            "count": 45714,
            "rate": 484.16198132419083
        },
        "http_req_waiting": {
            "p(95)": 72.81932509999999,
            "avg": 31.534750467471806,
            "min": 1.709882,
            "med": 24.4961785,
            "max": 275.316749,
            "p(90)": 59.6739309
        },
        "http_req_duration": {
            "max": 316.648026,
            "p(90)": 62.08814870000001,
            "p(95)": 76.03516504999999,
            "avg": 32.90826754007503,
            "min": 1.757564,
            "med": 25.663399
        },
        "http_req_tls_handshaking": {
            "p(90)": 0,
            "p(95)": 0,
            "avg": 0,
            "min": 0,
            "med": 0,
            "max": 0
        },
        "http_req_sending": {
            "p(95)": 4.057578999999997,
            "avg": 0.8239932720610735,
            "min": 0.007851,
            "med": 0.029847,
            "max": 172.630895,
            "p(90)": 1.1413060000000002
        },
        "http_req_blocked": {
            "avg": 0.0425423757492232,
            "min": 0.002107,
            "med": 0.0086345,
            "max": 94.706971,
            "p(90)": 0.012665,
            "p(95)": 0.020456
        },
        "grpc_streams_msgs_sent": {
            "count": 100,
            "rate": 1.0591109535901273
        },
        "data_received": {
            "count": 30004227,
            "rate": 317778.05469704646
        },
        "grpc_streams_msgs_received": {
            "count": 68571,
            "rate": 726.2429719862863
        },
        "grpc_streams": {
            "count": 100,
            "rate": 1.0591109535901273
        },
        "status_report_duration": {
            "avg": 33.13365708535678,
            "min": 2,
            "med": 26,
            "max": 278,
            "p(90)": 62,
            "p(95)": 76
        },
        "transactions_started": {
            "count": 22857,
            "rate": 242.08099066209542
        },
        "transactions_in_flight": {
            "value": 0,
            "min": 0,
            "max": 109
        },
        "vus_max": {
            "value": 50,
            "min": 50,
            "max": 50
        },
        "transfer_request_duration": {
            "avg": 34.20737629610185,
            "min": 1,
            "med": 26,
            "max": 317,
            "p(90)": 65,
            "p(95)": 80
        },
        "checks": {
            "passes": 91428,
            "fails": 0,
            "value": 1
        },
        "transaction_success": {
            "count": 22857,
            "rate": 242.08099066209542
        },
        "grpc_req_duration": {
            "p(95)": 94401.15902345,
            "avg": 94378.26389208993,
            "min": 94284.228027,
            "med": 94378.9536675,
            "max": 94407.89922,
            "p(90)": 94398.2713017
        },
        "http_req_receiving": {
            "avg": 0.5495238005425013,
            "min": 0.010278,
            "med": 0.0400045,
            "max": 129.747774,
            "p(90)": 0.14039750000000228,
            "p(95)": 1.3190747499999973
        },
        "vus": {
            "value": 50,
            "min": 50,
            "max": 50
        },
        "iterations": {
            "count": 50,
            "rate": 0.5295554767950637
        },
        "fetch_messages_duration": {
            "avg": 2784.052500328127,
            "min": 10,
            "med": 3161,
            "max": 5385,
            "p(90)": 4295.4000000000015,
            "p(95)": 4491
        },
        "confirmation_check_duration": {
            "avg": 2780.0888130550816,
            "min": 11,
            "med": 3058,
            "max": 4988,
            "p(90)": 4211,
            "p(95)": 4376
        }
    }
}