{
    "root_group": {
        "name": "",
        "path": "",
        "id": "d41d8cd98f00b204e9800998ecf8427e",
        "groups": {},
        "checks": {
                "transfer request accepted by SPI": {
                    "fails": 0,
                    "name": "transfer request accepted by SPI",
                    "path": "::transfer request accepted by SPI",
                    "id": "419a96930eb7943bf5023905eacd3aa6",
                    "passes": 31196
                },
                "pacs.008 notification received by recebedor": {
                    "name": "pacs.008 notification received by recebedor",
                    "path": "::pacs.008 notification received by recebedor",
                    "id": "93435e0f0af7a25ea42491fbb759fdea",
                    "passes": 31196,
                    "fails": 0
                },
                "status report accepted by SPI": {
                    "passes": 31196,
                    "fails": 0,
                    "name": "status report accepted by SPI",
                    "path": "::status report accepted by SPI",
                    "id": "b2cc99870d55467dc3b3f287d32c1531"
                },
                "pacs.002 confirmation received by pagador": {
                    "name": "pacs.002 confirmation received by pagador",
                    "path": "::pacs.002 confirmation received by pagador",
                    "id": "76c74b03eb4032f43e40bf459d63e6fe",
                    "passes": 31196,
                    "fails": 0
                }
            }
    },
    "metrics": {
        "http_req_duration": {
            "p(90)": 49.184345,
            "p(95)": 60.32068474999999,
            "avg": 21.17960636479017,
            "min": 1.241331,
            "med": 14.028452000000001,
            "max": 264.902517
        },
        "http_req_waiting": {
            "med": 13.65064,
            "max": 264.781468,
            "p(90)": 48.5389391,
            "p(95)": 59.71119784999999,
            "avg": 20.731447049894015,
            "min": 1.198396
        },
        "grpc_streams": {
            "count": 100,
            "rate": 1.1175416129473266
        },
        "iteration_duration": {
            "med": 88993.1876255,
            "max": 89480.058595,
            "p(90)": 89470.7565248,
            "p(95)": 89478.4341378,
            "avg": 89055.34542108,
            "min": 88903.56382
        },
        "iterations": {
            "count": 50,
            "rate": 0.5587708064736633
        },
        "transactions_in_flight": {
            "min": 0,
            "max": 89,
            "value": 0
        },
        "vus": {
            "value": 45,
            "min": 45,
            "max": 50
        },
        "status_report_duration": {
            "avg": 21.480061546352097,
            "min": 1,
            "med": 14,
            "max": 226,
            "p(90)": 50,
            "p(95)": 61
        },
        "fetch_messages_duration": {
            "max": 1796,
            "p(90)": 1159.5,
            "p(95)": 1254.25,
            "avg": 568.4397038081805,
            "min": 10,
            "med": 531
        },
        "data_sent": {
            "count": 39678901,
            "rate": 443428.23023517284
        },
        "http_req_sending": {
            "avg": 0.24772947150275768,
            "min": 0.004288,
            "med": 0.02309,
            "max": 128.65176,
            "p(90)": 0.23979990000000004,
            "p(95)": 0.7183891
        },
        "data_received": {
            "rate": 458486.33236592513,
            "count": 41026332
        },
        "http_req_blocked": {
            "med": 0.006616,
            "max": 33.705012,
            "p(90)": 0.009819,
            "p(95)": 0.01162,
            "avg": 0.015012133286318879,
            "min": 0.001164
        },
        "http_req_tls_handshaking": {
            "max": 0,
            "p(90)": 0,
            "p(95)": 0,
            "avg": 0,
            "min": 0,
            "med": 0
        },
        "http_reqs": {
            "count": 62392,
            "rate": 697.2565631500959
        },
        "http_req_duration{expected_response:true}": {
            "med": 14.028452000000001,
            "max": 264.902517,
            "p(90)": 49.184345,
            "p(95)": 60.32068474999999,
            "avg": 21.17960636479017,
            "min": 1.241331
        },
        "http_req_receiving": {
            "avg": 0.20042984339338207,
            "min": 0.006729,
            "med": 0.0314825,
            "max": 63.552854,
            "p(90)": 0.09409000000000002,
            "p(95)": 0.3832964499999984
        },
        "transactions_started": {
            "count": 31196,
            "rate": 348.62828157504794
        },
        "confirmation_check_duration": {
            "avg": 559.98935760995,
            "min": 11,
            "med": 529,
            "max": 1632,
            "p(90)": 1141,
            "p(95)": 1245
        },
        "transfer_request_duration": {
            "avg": 21.59135786639313,
            "min": 1,
            "med": 14,
            "max": 265,
            "p(90)": 49,
            "p(95)": 60
        },
        "vus_max": {
            "value": 50,
            "min": 50,
            "max": 50
        },
        "grpc_streams_msgs_received": {
            "count": 93588,
            "rate": 1045.884844725144
        },
        "checks": {
            "fails": 0,
            "passes": 124784,
            "value": 1
        },
        "grpc_req_duration": {
            "max": 89470.474168,
            "p(90)": 89455.6837904,
            "p(95)": 89467.023546,
            "avg": 89041.52053392997,
            "min": 88891.979583,
            "med": 88977.9051105
        },
        "total_transaction_duration": {
            "p(90)": 2307,
            "p(95)": 2475,
            "avg": 1172.7907103474804,
            "min": 55,
            "med": 1158,
            "max": 3085,
            "thresholds": {
                "p(99)<4600": false
            }
        },
        "transaction_success": {
            "count": 31196,
            "rate": 348.62828157504794
        },
        "http_req_connecting": {
            "max": 3.180343,
            "p(90)": 0,
            "p(95)": 0,
            "avg": 0.00021626851198871646,
            "min": 0,
            "med": 0
        },
        "grpc_streams_msgs_sent": {
            "count": 100,
            "rate": 1.1175416129473266
        },
        "http_req_failed": {
            "fails": 62392,
            "passes": 0,
            "value": 0
        }
    }
}