{
    "root_group": {
        "id": "d41d8cd98f00b204e9800998ecf8427e",
        "groups": {},
        "checks": {
                "transfer request accepted by SPI": {
                    "path": "::transfer request accepted by SPI",
                    "id": "419a96930eb7943bf5023905eacd3aa6",
                    "passes": 21912,
                    "fails": 0,
                    "name": "transfer request accepted by SPI"
                },
                "pacs.008 notification received by recebedor": {
                    "name": "pacs.008 notification received by recebedor",
                    "path": "::pacs.008 notification received by recebedor",
                    "id": "93435e0f0af7a25ea42491fbb759fdea",
                    "passes": 21894,
                    "fails": 18
                },
                "status report accepted by SPI": {
                    "name": "status report accepted by SPI",
                    "path": "::status report accepted by SPI",
                    "id": "b2cc99870d55467dc3b3f287d32c1531",
                    "passes": 21894,
                    "fails": 0
                },
                "pacs.002 confirmation received by pagador": {
                    "id": "76c74b03eb4032f43e40bf459d63e6fe",
                    "passes": 21894,
                    "fails": 0,
                    "name": "pacs.002 confirmation received by pagador",
                    "path": "::pacs.002 confirmation received by pagador"
                }
            },
        "name": "",
        "path": ""
    },
    "metrics": {
        "http_req_receiving": {
            "min": 0.008433,
            "med": 0.0412645,
            "max": 297.87257,
            "p(90)": 0.1527425,
            "p(95)": 1.72845675,
            "avg": 0.6258534399853947
        },
        "http_reqs": {
            "count": 43806,
            "rate": 461.1729598670514
        },
        "notification_timeouts": {
            "count": 18,
            "rate": 0.1894971756747232
        },
        "iteration_duration": {
            "avg": 94955.17905674002,
            "min": 94867.629299,
            "med": 94963.735965,
            "max": 94982.751852,
            "p(90)": 94975.5997624,
            "p(95)": 94975.89596505
        },
        "http_req_duration": {
            "avg": 35.282858123886896,
            "min": 1.511995,
            "med": 28.233382,
            "max": 305.328101,
            "p(90)": 65.27948,
            "p(95)": 79.89381575
        },
        "grpc_req_duration": {
            "avg": 94931.62503315999,
            "min": 94852.668734,
            "med": 94935.907186,
            "max": 94965.208991,
            "p(90)": 94962.54235,
            "p(95)": 94964.14453675
        },
        "data_sent": {
            "count": 27760716,
            "rate": 292254.29315045
        },
        "vus": {
            "min": 29,
            "max": 50,
            "value": 29
        },
        "transactions_started": {
            "count": 21912,
            "rate": 230.68122852136307
        },
        "data_received": {
            "count": 28736724,
            "rate": 302529.3353413353
        },
        "total_transaction_duration": {
            "avg": 6698.909335891111,
            "min": 121,
            "med": 7415,
            "max": 9909,
            "p(90)": 8632.7,
            "p(95)": 8819,
            "thresholds": {
                "p(99)<4600": true
            }
        },
        "transactions_in_flight": {
            "value": 0,
            "min": 0,
            "max": 116
        },
        "fetch_messages_duration": {
            "p(95)": 4536,
            "avg": 3309.3365279299014,
            "min": 18,
            "med": 3657,
            "max": 10170,
            "p(90)": 4395
        },
        "iterations": {
            "rate": 0.5263810435408979,
            "count": 50
        },
        "transaction_success": {
            "rate": 230.49173134568835,
            "count": 21894
        },
        "http_req_sending": {
            "avg": 0.8967037000639162,
            "min": 0.007979,
            "med": 0.030734499999999998,
            "max": 128.469032,
            "p(90)": 1.463659,
            "p(95)": 4.62818725
        },
        "http_req_waiting": {
            "max": 260.170183,
            "p(90)": 62.476449,
            "p(95)": 76.1553715,
            "avg": 33.760300983838036,
            "min": 1.45824,
            "med": 27.009968
        },
        "grpc_streams_msgs_sent": {
            "count": 100,
            "rate": 1.0527620870817957
        },
        "http_req_duration{expected_response:true}": {
            "med": 28.233382,
            "max": 305.328101,
            "p(90)": 65.27948,
            "p(95)": 79.89381575,
            "avg": 35.282858123886896,
            "min": 1.511995
        },
        "http_req_connecting": {
            "avg": 0.003338520796237958,
            "min": 0,
            "med": 0,
            "max": 51.843481,
            "p(90)": 0,
            "p(95)": 0
        },
        "transfer_request_duration": {
            "p(95)": 84,
            "avg": 36.203450164293535,
            "min": 2,
            "med": 28,
            "max": 305,
            "p(90)": 68
        },
        "grpc_streams_msgs_received": {
            "count": 65682,
            "rate": 691.4751940370651
        },
        "http_req_blocked": {
            "avg": 0.03503995311144596,
            "min": 0.002232,
            "med": 0.008869,
            "max": 59.400535,
            "p(90)": 0.0130355,
            "p(95)": 0.022355
        },
        "http_req_tls_handshaking": {
            "max": 0,
            "p(90)": 0,
            "p(95)": 0,
            "avg": 0,
            "min": 0,
            "med": 0
        },
        "status_report_duration": {
            "p(90)": 66,
            "p(95)": 80,
            "avg": 36.00991139124874,
            "min": 2,
            "med": 30,
            "max": 247
        },
        "checks": {
            "passes": 87594,
            "fails": 18,
            "value": 0.99979454869196
        },
        "http_req_failed": {
            "passes": 0,
            "fails": 43806,
            "value": 0
        },
        "confirmation_check_duration": {
            "min": 16,
            "med": 3604,
            "max": 5094,
            "p(90)": 4368,
            "p(95)": 4508,
            "avg": 3320.019046314059
        },
        "grpc_streams": {
            "count": 100,
            "rate": 1.0527620870817957
        },
        "vus_max": {
            "value": 50,
            "min": 50,
            "max": 50
        },
        "transaction_failure": {
            "rate": 0.1894971756747232,
            "count": 18
        }
    }
}