{
    "metrics": {
        "fetch_messages_duration": {
            "avg": 705.5424368864127,
            "min": 1,
            "med": 659,
            "max": 3048,
            "p(90)": 1163,
            "p(95)": 1315
        },
        "status_report_duration": {
            "p(90)": 1094,
            "p(95)": 1282,
            "avg": 673.9946828545294,
            "min": 15,
            "med": 633,
            "max": 3546
        },
        "http_req_duration{expected_response:true}": {
            "p(95)": 1025.1406721499998,
            "avg": 461.5207209608087,
            "min": 0.548002,
            "med": 404.5624105,
            "max": 2586.020775,
            "p(90)": 852.5280654000001
        },
        "checks": {
            "passes": 613299,
            "fails": 0,
            "value": 1
        },
        "vus_max": {
            "value": 8000,
            "min": 8000,
            "max": 8000
        },
        "transaction_success": {
            "count": 204433,
            "rate": 1681.3703983349096
        },
        "iterations": {
            "count": 204433,
            "rate": 1681.3703983349096
        },
        "vus": {
            "max": 8000,
            "value": 3743,
            "min": 3743
        },
        "transfer_request_duration": {
            "med": 657,
            "max": 3071,
            "p(90)": 1193,
            "p(95)": 1400,
            "avg": 716.5946104591725,
            "min": 26
        },
        "http_req_receiving": {
            "avg": 4.769688780844924,
            "min": 0.005733,
            "med": 0.021295,
            "max": 1915.106027,
            "p(90)": 0.258154,
            "p(95)": 0.5327401499999996
        },
        "data_received": {
            "count": 448655943,
            "rate": 3689995.3608137364
        },
        "total_transaction_duration": {
            "avg": 4223.150254606644,
            "min": 945,
            "med": 4345,
            "max": 9125,
            "p(90)": 5385,
            "p(95)": 5686,
            "thresholds": {
                "p(99)<4000": true
            }
        },
        "http_req_blocked": {
            "p(95)": 0.008195,
            "avg": 4.575804543767245,
            "min": 0.000674,
            "med": 0.004042,
            "max": 2262.625589,
            "p(90)": 0.006642
        },
        "confirmation_check_duration": {
            "max": 3561,
            "p(90)": 1164,
            "p(95)": 1332,
            "avg": 713.6333126256524,
            "min": 9,
            "med": 665
        },
        "http_req_tls_handshaking": {
            "max": 0,
            "p(90)": 0,
            "p(95)": 0,
            "avg": 0,
            "min": 0,
            "med": 0
        },
        "http_req_waiting": {
            "med": 400.823973,
            "max": 2432.107414,
            "p(90)": 837.1577826000001,
            "p(95)": 1000.0794519999998,
            "avg": 454.23836268228297,
            "min": 0.324463
        },
        "data_sent": {
            "rate": 2321225.187709873,
            "count": 282231107
        },
        "http_req_failed": {
            "passes": 0,
            "fails": 817732,
            "value": 0
        },
        "http_req_sending": {
            "min": 0.002265,
            "med": 0.012647,
            "max": 2227.91647,
            "p(90)": 0.045557600000000094,
            "p(95)": 0.22746034999999987,
            "avg": 2.5126694976740795
        },
        "http_reqs": {
            "count": 817732,
            "rate": 6725.4815933396385
        },
        "http_req_duration": {
            "avg": 461.5207209608087,
            "min": 0.548002,
            "med": 404.5624105,
            "max": 2586.020775,
            "p(90)": 852.5280654000001,
            "p(95)": 1025.1406721499998
        },
        "http_req_connecting": {
            "med": 0,
            "max": 1201.475827,
            "p(90)": 0,
            "p(95)": 0,
            "avg": 4.458515562399418,
            "min": 0
        },
        "iteration_duration": {
            "avg": 4503.2520103440775,
            "min": 944.716737,
            "med": 4645.384513,
            "max": 9663.417367,
            "p(90)": 5826.352591600001,
            "p(95)": 6115.8087624
        }
    },
    "root_group": {
        "path": "",
        "id": "d41d8cd98f00b204e9800998ecf8427e",
        "groups": {},
        "checks": {
                "transfer request accepted by SPI": {
                    "name": "transfer request accepted by SPI",
                    "path": "::transfer request accepted by SPI",
                    "id": "419a96930eb7943bf5023905eacd3aa6",
                    "passes": 204433,
                    "fails": 0
                },
                "status report accepted by SPI": {
                    "name": "status report accepted by SPI",
                    "path": "::status report accepted by SPI",
                    "id": "b2cc99870d55467dc3b3f287d32c1531",
                    "passes": 204433,
                    "fails": 0
                },
                "confirmation received": {
                    "passes": 204433,
                    "fails": 0,
                    "name": "confirmation received",
                    "path": "::confirmation received",
                    "id": "cf2b25c1eee1a4f3338ef5954938a451"
                }
            },
        "name": ""
    }
}