{
    "metrics": {
        "transactions_started": {
            "rate": 258.0407240704852,
            "count": 25528
        },
        "grpc_streams_msgs_sent": {
            "count": 100,
            "rate": 1.0108144941651724
        },
        "data_received": {
            "count": 21389197,
            "rate": 216205.10346154222
        },
        "checks": {
            "passes": 25974,
            "fails": 25528,
            "value": 0.5043299289347987
        },
        "http_req_duration": {
            "avg": 39.86656943773059,
            "min": 1.620111,
            "med": 30.173853,
            "max": 326.743497,
            "p(90)": 80.761272,
            "p(95)": 97.00057699999999
        },
        "http_req_failed": {
            "fails": 25751,
            "passes": 0,
            "value": 0
        },
        "late_pacs008_notifications": {
            "count": 25049,
            "rate": 253.19892264343403
        },
        "late_transactions": {
            "count": 25272,
            "rate": 255.45303896542237
        },
        "http_reqs": {
            "count": 25751,
            "rate": 260.29484039247353
        },
        "grpc_req_duration": {
            "p(95)": 98878.45613595,
            "avg": 98748.58499943998,
            "min": 98475.559368,
            "med": 98751.874218,
            "max": 98896.067411,
            "p(90)": 98869.2224054
        },
        "notification_timeouts": {
            "count": 25305,
            "rate": 255.78660774849686
        },
        "transaction_failure": {
            "count": 25528,
            "rate": 258.0407240704852
        },
        "http_req_waiting": {
            "p(95)": 92.329673,
            "avg": 37.76519255329885,
            "min": 1.569852,
            "med": 28.019743,
            "max": 326.679916,
            "p(90)": 76.571765
        },
        "vus_max": {
            "min": 50,
            "max": 50,
            "value": 50
        },
        "http_req_blocked": {
            "avg": 0.03313202823191321,
            "min": 0.002331,
            "med": 0.00879,
            "max": 79.147011,
            "p(90)": 0.013308,
            "p(95)": 0.020962500000000002
        },
        "http_req_receiving": {
            "avg": 0.8342694912042288,
            "min": 0.008355,
            "med": 0.042274,
            "max": 164.97622,
            "p(90)": 0.26211,
            "p(95)": 3.9025755
        },
        "status_report_duration": {
            "p(95)": 91.89999999999998,
            "avg": 43.237668161434975,
            "min": 4,
            "med": 41,
            "max": 142,
            "p(90)": 84
        },
        "confirmation_check_duration": {
            "p(95)": 10093,
            "avg": 10031.112107623318,
            "min": 10000,
            "med": 10018,
            "max": 10258,
            "p(90)": 10069.6
        },
        "transfer_request_duration": {
            "max": 327,
            "p(90)": 82,
            "p(95)": 99,
            "avg": 40.58994045753682,
            "min": 1,
            "med": 31
        },
        "grpc_streams_msgs_received": {
            "count": 25718,
            "rate": 259.96127160939903
        },
        "confirmation_timeouts": {
            "rate": 2.2541163219883344,
            "count": 223
        },
        "http_req_tls_handshaking": {
            "avg": 0,
            "min": 0,
            "med": 0,
            "max": 0,
            "p(90)": 0,
            "p(95)": 0
        },
        "iterations": {
            "count": 50,
            "rate": 0.5054072470825862
        },
        "total_transaction_duration": {
            "avg": 16917.937219730942,
            "min": 12497,
            "med": 17260,
            "max": 20206,
            "p(90)": 19627.600000000002,
            "p(95)": 19958.5,
            "thresholds": {
                "p(99)<4600": true
            }
        },
        "iteration_duration": {
            "p(90)": 98889.2488362,
            "p(95)": 98911.918287,
            "avg": 98775.31418464001,
            "min": 98499.345568,
            "med": 98782.6090805,
            "max": 98924.538193
        },
        "http_req_sending": {
            "p(90)": 3.166377,
            "p(95)": 7.326551,
            "avg": 1.2671073932274386,
            "min": 0.007819,
            "med": 0.032435,
            "max": 83.327874
        },
        "fetch_messages_duration": {
            "avg": 10004.048378251331,
            "min": 2403,
            "med": 10015,
            "max": 10539,
            "p(90)": 10079,
            "p(95)": 10115
        },
        "http_req_duration{expected_response:true}": {
            "med": 30.173853,
            "max": 326.743497,
            "p(90)": 80.761272,
            "p(95)": 97.00057699999999,
            "avg": 39.86656943773059,
            "min": 1.620111
        },
        "grpc_streams": {
            "count": 100,
            "rate": 1.0108144941651724
        },
        "late_pacs002_confirmations": {
            "count": 223,
            "rate": 2.2541163219883344
        },
        "transactions_in_flight": {
            "max": 250,
            "value": 0,
            "min": 0
        },
        "http_req_connecting": {
            "max": 9.554552,
            "p(90)": 0,
            "p(95)": 0,
            "avg": 0.0015322786687895615,
            "min": 0,
            "med": 0
        },
        "vus": {
            "value": 50,
            "min": 50,
            "max": 50
        },
        "data_sent": {
            "count": 23502248,
            "rate": 237564.12923864435
        }
    },
    "root_group": {
        "groups": {},
        "checks": {
                "transfer request accepted by SPI": {
                    "path": "::transfer request accepted by SPI",
                    "id": "419a96930eb7943bf5023905eacd3aa6",
                    "passes": 25528,
                    "fails": 0,
                    "name": "transfer request accepted by SPI"
                },
                "pacs.008 notification received by recebedor": {
                    "name": "pacs.008 notification received by recebedor",
                    "path": "::pacs.008 notification received by recebedor",
                    "id": "93435e0f0af7a25ea42491fbb759fdea",
                    "passes": 223,
                    "fails": 25305
                },
                "status report accepted by SPI": {
                    "passes": 223,
                    "fails": 0,
                    "name": "status report accepted by SPI",
                    "path": "::status report accepted by SPI",
                    "id": "b2cc99870d55467dc3b3f287d32c1531"
                },
                "pacs.002 confirmation received by pagador": {
                    "name": "pacs.002 confirmation received by pagador",
                    "path": "::pacs.002 confirmation received by pagador",
                    "id": "76c74b03eb4032f43e40bf459d63e6fe",
                    "passes": 0,
                    "fails": 223
                }
            },
        "name": "",
        "path": "",
        "id": "d41d8cd98f00b204e9800998ecf8427e"
    }
}