{
    "root_group": {
        "groups": {},
        "checks": {
                "transfer request accepted by SPI": {
                    "id": "419a96930eb7943bf5023905eacd3aa6",
                    "passes": 23998,
                    "fails": 0,
                    "name": "transfer request accepted by SPI",
                    "path": "::transfer request accepted by SPI"
                },
                "pacs.008 notification received by recebedor": {
                    "fails": 0,
                    "name": "pacs.008 notification received by recebedor",
                    "path": "::pacs.008 notification received by recebedor",
                    "id": "93435e0f0af7a25ea42491fbb759fdea",
                    "passes": 23998
                },
                "status report accepted by SPI": {
                    "fails": 0,
                    "name": "status report accepted by SPI",
                    "path": "::status report accepted by SPI",
                    "id": "b2cc99870d55467dc3b3f287d32c1531",
                    "passes": 23998
                },
                "pacs.002 confirmation received by pagador": {
                    "name": "pacs.002 confirmation received by pagador",
                    "path": "::pacs.002 confirmation received by pagador",
                    "id": "76c74b03eb4032f43e40bf459d63e6fe",
                    "passes": 23998,
                    "fails": 0
                }
            },
        "name": "",
        "path": "",
        "id": "d41d8cd98f00b204e9800998ecf8427e"
    },
    "metrics": {
        "transactions_started": {
            "count": 23998,
            "rate": 252.36912938325753
        },
        "http_reqs": {
            "count": 47996,
            "rate": 504.73825876651506
        },
        "http_req_duration": {
            "avg": 30.955770576923292,
            "min": 1.693803,
            "med": 24.137465499999998,
            "max": 412.752153,
            "p(90)": 59.378249499999995,
            "p(95)": 71.43236425
        },
        "confirmation_check_duration": {
            "med": 2807,
            "max": 4883,
            "p(90)": 4015,
            "p(95)": 4286.149999999998,
            "avg": 2454.829569130761,
            "min": 11
        },
        "http_req_sending": {
            "min": 0.007942,
            "med": 0.029293,
            "max": 117.789843,
            "p(90)": 1.0090105,
            "p(95)": 3.724264,
            "avg": 0.752025683411119
        },
        "grpc_streams_msgs_received": {
            "count": 71994,
            "rate": 757.1073881497726
        },
        "data_sent": {
            "count": 30450248,
            "rate": 320222.62593817315
        },
        "http_req_failed": {
            "passes": 0,
            "fails": 47996,
            "value": 0
        },
        "status_report_duration": {
            "max": 413,
            "p(90)": 60,
            "p(95)": 72,
            "avg": 31.291732644387032,
            "min": 2,
            "med": 25
        },
        "iterations": {
            "count": 50,
            "rate": 0.5258128372848936
        },
        "http_req_blocked": {
            "min": 0.002173,
            "med": 0.008448,
            "max": 48.246252,
            "p(90)": 0.0124805,
            "p(95)": 0.016155000000000003,
            "avg": 0.029420537753146042
        },
        "grpc_req_duration": {
            "min": 94953.344789,
            "med": 95037.6107135,
            "max": 95083.566064,
            "p(90)": 95072.2790025,
            "p(95)": 95075.3758966,
            "avg": 95026.29574533997
        },
        "http_req_receiving": {
            "med": 0.039574,
            "max": 127.759477,
            "p(90)": 0.1584035,
            "p(95)": 1.389203,
            "avg": 0.5236462124968744,
            "min": 0.008476
        },
        "grpc_streams_msgs_sent": {
            "count": 100,
            "rate": 1.0516256745697872
        },
        "iteration_duration": {
            "med": 95069.723532,
            "max": 95090.203096,
            "p(90)": 95083.5113863,
            "p(95)": 95085.91379865,
            "avg": 95044.82137978001,
            "min": 94988.256358
        },
        "http_req_duration{expected_response:true}": {
            "min": 1.693803,
            "med": 24.137465499999998,
            "max": 412.752153,
            "p(90)": 59.378249499999995,
            "p(95)": 71.43236425,
            "avg": 30.955770576923292
        },
        "http_req_waiting": {
            "p(95)": 68.43253874999999,
            "avg": 29.680098681014957,
            "min": 1.631243,
            "med": 23.054724,
            "max": 412.665038,
            "p(90)": 57.254508
        },
        "vus": {
            "value": 50,
            "min": 50,
            "max": 50
        },
        "transaction_success": {
            "count": 23998,
            "rate": 252.36912938325753
        },
        "data_received": {
            "count": 31517930,
            "rate": 331450.64397293335
        },
        "transfer_request_duration": {
            "avg": 31.874781231769315,
            "min": 2,
            "med": 25,
            "max": 284,
            "p(90)": 61,
            "p(95)": 74
        },
        "http_req_connecting": {
            "avg": 0.002709701537628135,
            "min": 0,
            "med": 0,
            "max": 25.116386,
            "p(90)": 0,
            "p(95)": 0
        },
        "fetch_messages_duration": {
            "p(90)": 4006,
            "p(95)": 4284,
            "avg": 2393.6766397199767,
            "min": 10,
            "med": 2709,
            "max": 5396
        },
        "http_req_tls_handshaking": {
            "avg": 0,
            "min": 0,
            "med": 0,
            "max": 0,
            "p(90)": 0,
            "p(95)": 0
        },
        "vus_max": {
            "value": 50,
            "min": 50,
            "max": 50
        },
        "grpc_streams": {
            "count": 100,
            "rate": 1.0516256745697872
        },
        "total_transaction_duration": {
            "avg": 4913.937994832902,
            "min": 95,
            "med": 5773,
            "max": 9205,
            "p(90)": 7943.299999999999,
            "p(95)": 8063,
            "thresholds": {
                "p(99)<4600": true
            }
        },
        "transactions_in_flight": {
            "value": 0,
            "min": 0,
            "max": 107
        },
        "checks": {
            "passes": 95992,
            "fails": 0,
            "value": 1
        }
    }
}