{
    "metrics": {
        "iterations": {
            "count": 60356,
            "rate": 402.36137319516325
        },
        "fetch_messages_duration": {
            "avg": 3752.103915038852,
            "min": 2,
            "med": 3018,
            "max": 12352,
            "p(90)": 8577,
            "p(95)": 10371
        },
        "data_received": {
            "count": 102428306,
            "rate": 682835.0761517393
        },
        "http_reqs": {
            "count": 241427,
            "rate": 1609.4654921861734
        },
        "http_req_failed": {
            "passes": 0,
            "fails": 241427,
            "value": 0
        },
        "vus": {
            "value": 1,
            "min": 0,
            "max": 8000
        },
        "data_sent": {
            "count": 83251647,
            "rate": 554994.4828629962
        },
        "checks": {
            "fails": 0,
            "passes": 181070,
            "value": 1
        },
        "total_transaction_duration": {
            "max": 52982,
            "p(90)": 32252,
            "p(95)": 34101,
            "avg": 15926.889952945854,
            "min": 426,
            "med": 13640,
            "thresholds": {
                "p(99)<4000": true
            }
        },
        "http_req_duration": {
            "avg": 3626.128478171968,
            "min": 1.56194,
            "med": 3034.468168,
            "max": 23833.23596,
            "p(90)": 7124.9215189999995,
            "p(95)": 8753.0364239
        },
        "http_req_duration{expected_response:true}": {
            "min": 1.56194,
            "med": 3034.468168,
            "max": 23833.23596,
            "p(90)": 7124.9215189999995,
            "p(95)": 8753.0364239,
            "avg": 3626.128478171968
        },
        "confirmation_check_duration": {
            "med": 3188,
            "max": 23833,
            "p(90)": 5853,
            "p(95)": 7202.25,
            "avg": 3472.9667638677183,
            "min": 2
        },
        "http_req_connecting": {
            "avg": 13.539350464372244,
            "min": 0,
            "med": 0,
            "max": 3189.17873,
            "p(90)": 0,
            "p(95)": 0
        },
        "http_req_blocked": {
            "avg": 13.951856326915026,
            "min": 0.002032,
            "med": 0.005363,
            "max": 3189.264775,
            "p(90)": 0.00964,
            "p(95)": 0.017372399999999965
        },
        "http_req_receiving": {
            "avg": 8.068968176620855,
            "min": 0.010719,
            "med": 0.032858,
            "max": 1942.255778,
            "p(90)": 0.3936527999999998,
            "p(95)": 0.9209148999999983
        },
        "iteration_duration": {
            "avg": 16019.087346221715,
            "min": 426.447545,
            "med": 13731.172091,
            "max": 52982.470659,
            "p(90)": 32264.118152,
            "p(95)": 34208.239266250006
        },
        "vus_max": {
            "value": 8000,
            "min": 2052,
            "max": 8000
        },
        "transaction_success": {
            "count": 60356,
            "rate": 402.36137319516325
        },
        "http_req_tls_handshaking": {
            "p(90)": 0,
            "p(95)": 0,
            "avg": 0,
            "min": 0,
            "med": 0,
            "max": 0
        },
        "http_req_sending": {
            "avg": 4.893028648949886,
            "min": 0.006069,
            "med": 0.017011,
            "max": 1952.824193,
            "p(90)": 0.044390399999999997,
            "p(95)": 0.32292159999999953
        },
        "http_req_waiting": {
            "avg": 3613.1664813465036,
            "min": 1.404903,
            "med": 3031.020129,
            "max": 23832.652536,
            "p(90)": 7085.516216999999,
            "p(95)": 8742.902792499995
        },
        "transfer_request_duration": {
            "avg": 4083.1347316798383,
            "min": 2,
            "med": 3329,
            "max": 14034,
            "p(90)": 8040,
            "p(95)": 9664.199999999997
        },
        "status_report_duration": {
            "max": 13429,
            "p(90)": 7756,
            "p(95)": 8287,
            "avg": 3842.1103103202613,
            "min": 4,
            "med": 3243
        }
    },
    "root_group": {
        "name": "",
        "path": "",
        "id": "d41d8cd98f00b204e9800998ecf8427e",
        "groups": {},
        "checks": {
                "transfer request accepted by SPI": {
                    "name": "transfer request accepted by SPI",
                    "path": "::transfer request accepted by SPI",
                    "id": "419a96930eb7943bf5023905eacd3aa6",
                    "passes": 60357,
                    "fails": 0
                },
                "status report accepted by SPI": {
                    "name": "status report accepted by SPI",
                    "path": "::status report accepted by SPI",
                    "id": "b2cc99870d55467dc3b3f287d32c1531",
                    "passes": 60357,
                    "fails": 0
                },
                "confirmation received": {
                    "fails": 0,
                    "name": "confirmation received",
                    "path": "::confirmation received",
                    "id": "cf2b25c1eee1a4f3338ef5954938a451",
                    "passes": 60356
                }
            }
    }
}