{
    "root_group": {
        "path": "",
        "id": "d41d8cd98f00b204e9800998ecf8427e",
        "groups": {},
        "checks": {
                "transfer request accepted by SPI": {
                    "name": "transfer request accepted by SPI",
                    "path": "::transfer request accepted by SPI",
                    "id": "419a96930eb7943bf5023905eacd3aa6",
                    "passes": 143677,
                    "fails": 0
                },
                "status report accepted by SPI": {
                    "fails": 0,
                    "name": "status report accepted by SPI",
                    "path": "::status report accepted by SPI",
                    "id": "b2cc99870d55467dc3b3f287d32c1531",
                    "passes": 143676
                },
                "confirmation received": {
                    "name": "confirmation received",
                    "path": "::confirmation received",
                    "id": "cf2b25c1eee1a4f3338ef5954938a451",
                    "passes": 143676,
                    "fails": 0
                }
            },
        "name": ""
    },
    "metrics": {
        "fetch_messages_duration": {
            "min": 2,
            "med": 1240,
            "max": 7678,
            "p(90)": 2233,
            "p(95)": 2693,
            "avg": 1327.4124070826026
        },
        "data_sent": {
            "count": 198305933,
            "rate": 1322034.530932964
        },
        "iterations": {
            "count": 143676,
            "rate": 957.8363611860495
        },
        "http_req_failed": {
            "passes": 2,
            "fails": 574705,
            "value": 0.000003480034173935588
        },
        "vus": {
            "max": 8000,
            "value": 1,
            "min": 1
        },
        "http_req_sending": {
            "p(90)": 0.029974,
            "p(95)": 0.21904819999999972,
            "avg": 15.210135797777646,
            "min": 0.005634,
            "med": 0.014589,
            "max": 5677.500599
        },
        "transaction_success": {
            "count": 143676,
            "rate": 957.8363611860495
        },
        "http_req_duration": {
            "p(90)": 1919.7197478,
            "p(95)": 2243.750334,
            "avg": 1202.4356561670113,
            "min": 0.779983,
            "med": 1174.06386,
            "max": 7787.256945
        },
        "http_req_waiting": {
            "avg": 1184.43571869794,
            "min": 0.657981,
            "med": 1168.471317,
            "max": 7205.094501,
            "p(90)": 1909.4658680000002,
            "p(95)": 2206.887734699996
        },
        "http_reqs": {
            "count": 574707,
            "rate": 3831.3654446682185
        },
        "iteration_duration": {
            "p(95)": 9402.289974,
            "avg": 6623.089556554897,
            "min": 2177.701745,
            "med": 6524.9839680000005,
            "max": 17008.824325,
            "p(90)": 8291.553022
        },
        "vus_max": {
            "value": 8000,
            "min": 8000,
            "max": 8000
        },
        "http_req_duration{expected_response:true}": {
            "max": 7787.256945,
            "p(90)": 1919.709276600001,
            "p(95)": 2243.74745,
            "avg": 1202.434011208426,
            "min": 0.779983,
            "med": 1174.06386
        },
        "http_req_connecting": {
            "p(90)": 0,
            "p(95)": 0,
            "avg": 8.488965606425527,
            "min": 0,
            "med": 0,
            "max": 5942.713943
        },
        "http_req_blocked": {
            "avg": 8.761368409083227,
            "min": 0.001938,
            "med": 0.004592,
            "max": 5964.881135,
            "p(90)": 0.007465,
            "p(95)": 0.009265
        },
        "http_req_receiving": {
            "med": 0.025354,
            "max": 4148.574432,
            "p(90)": 0.3622860000000001,
            "p(95)": 0.4975913999999999,
            "avg": 2.7898016713160456,
            "min": 0.009541
        },
        "data_received": {
            "count": 246109219,
            "rate": 1640721.8935751312
        },
        "confirmation_check_duration": {
            "med": 1348,
            "max": 4539,
            "p(90)": 2498,
            "p(95)": 2812,
            "avg": 1426.8157729892257,
            "min": 1
        },
        "total_transaction_duration": {
            "p(90)": 8059,
            "p(95)": 9017,
            "avg": 6487.819447924497,
            "min": 2178,
            "med": 6408,
            "max": 17009,
            "thresholds": {
                "p(99)<4000": true
            }
        },
        "http_req_tls_handshaking": {
            "min": 0,
            "med": 0,
            "max": 0,
            "p(90)": 0,
            "p(95)": 0,
            "avg": 0
        },
        "checks": {
            "passes": 431029,
            "fails": 0,
            "value": 1
        },
        "status_report_duration": {
            "avg": 1368.8132743116457,
            "min": 1,
            "med": 1351,
            "max": 6863,
            "p(90)": 2229,
            "p(95)": 2702
        },
        "transfer_request_duration": {
            "avg": 1454.0890887198368,
            "min": 1,
            "med": 1314,
            "max": 9029,
            "p(90)": 2418,
            "p(95)": 2795
        }
    }
}