{
    "root_group": {
        "id": "d41d8cd98f00b204e9800998ecf8427e",
        "groups": {},
        "checks": {
                "transfer request accepted by SPI": {
                    "name": "transfer request accepted by SPI",
                    "path": "::transfer request accepted by SPI",
                    "id": "419a96930eb7943bf5023905eacd3aa6",
                    "passes": 19003,
                    "fails": 0
                },
                "pacs.008 notification received by recebedor": {
                    "name": "pacs.008 notification received by recebedor",
                    "path": "::pacs.008 notification received by recebedor",
                    "id": "93435e0f0af7a25ea42491fbb759fdea",
                    "passes": 16056,
                    "fails": 2947
                },
                "status report accepted by SPI": {
                    "passes": 16056,
                    "fails": 0,
                    "name": "status report accepted by SPI",
                    "path": "::status report accepted by SPI",
                    "id": "b2cc99870d55467dc3b3f287d32c1531"
                },
                "pacs.002 confirmation received by pagador": {
                    "name": "pacs.002 confirmation received by pagador",
                    "path": "::pacs.002 confirmation received by pagador",
                    "id": "76c74b03eb4032f43e40bf459d63e6fe",
                    "passes": 13836,
                    "fails": 2220
                }
            },
        "name": "",
        "path": ""
    },
    "metrics": {
        "http_req_waiting": {
            "p(95)": 98.23597849999996,
            "avg": 45.41441621164328,
            "min": 1.941926,
            "med": 38.849535,
            "max": 392.37091,
            "p(90)": 82.85328580000001
        },
        "transfer_request_duration": {
            "avg": 49.53586275851181,
            "min": 2,
            "med": 42,
            "max": 328,
            "p(90)": 89,
            "p(95)": 107
        },
        "http_req_duration": {
            "avg": 46.99130159756433,
            "min": 1.967848,
            "med": 40.288844,
            "max": 505.270432,
            "p(90)": 85.21690100000001,
            "p(95)": 101.5052968
        },
        "grpc_req_duration": {
            "avg": 98644.79059625004,
            "min": 98371.295244,
            "med": 98666.4075805,
            "max": 98706.336277,
            "p(90)": 98700.0021273,
            "p(95)": 98703.85350765
        },
        "transactions_started": {
            "count": 19003,
            "rate": 192.4809525365881
        },
        "grpc_streams_msgs_received": {
            "count": 51115,
            "rate": 517.742666363611
        },
        "confirmation_timeouts": {
            "count": 2220,
            "rate": 22.486329244394334
        },
        "late_pacs008_notifications": {
            "rate": 29.850095623076623,
            "count": 2947
        },
        "vus_max": {
            "value": 50,
            "min": 50,
            "max": 50
        },
        "notification_timeouts": {
            "count": 2947,
            "rate": 29.850095623076623
        },
        "data_received": {
            "count": 23544249,
            "rate": 238479.15983153245
        },
        "http_req_blocked": {
            "p(95)": 0.018170499999999947,
            "avg": 0.0419979338828833,
            "min": 0.001333,
            "med": 0.00841,
            "max": 82.523584,
            "p(90)": 0.0123712
        },
        "status_report_duration": {
            "min": 2,
            "med": 39,
            "max": 505,
            "p(90)": 82,
            "p(95)": 98,
            "avg": 45.57237169905331
        },
        "iteration_duration": {
            "avg": 98676.28197218,
            "min": 98412.042038,
            "med": 98693.4765995,
            "max": 98725.114826,
            "p(90)": 98715.361684,
            "p(95)": 98718.2794616
        },
        "confirmation_check_duration": {
            "min": 28,
            "med": 7861.5,
            "max": 10889,
            "p(90)": 10012,
            "p(95)": 10041,
            "avg": 7105.032573492776
        },
        "total_transaction_duration": {
            "avg": 13847.462879920278,
            "min": 124,
            "med": 13991.5,
            "max": 20614,
            "p(90)": 19120.5,
            "p(95)": 19626,
            "thresholds": {
                "p(99)<4600": true
            }
        },
        "http_req_tls_handshaking": {
            "avg": 0,
            "min": 0,
            "med": 0,
            "max": 0,
            "p(90)": 0,
            "p(95)": 0
        },
        "http_req_failed": {
            "passes": 0,
            "fails": 35059,
            "value": 0
        },
        "transaction_failure": {
            "count": 5167,
            "rate": 52.33642486747096
        },
        "fetch_messages_duration": {
            "p(90)": 10019,
            "p(95)": 10060,
            "avg": 7172.539388517603,
            "min": 10,
            "med": 8345,
            "max": 10816
        },
        "iterations": {
            "count": 50,
            "rate": 0.5064488568557283
        },
        "checks": {
            "passes": 64951,
            "fails": 5167,
            "value": 0.9263099346815369
        },
        "transaction_success": {
            "rate": 140.1445276691171,
            "count": 13836
        },
        "http_req_connecting": {
            "p(95)": 0,
            "avg": 0.005244485524401723,
            "min": 0,
            "med": 0,
            "max": 74.795346,
            "p(90)": 0
        },
        "transactions_in_flight": {
            "min": 0,
            "max": 167,
            "value": 0
        },
        "grpc_streams_msgs_sent": {
            "count": 100,
            "rate": 1.0128977137114565
        },
        "data_sent": {
            "count": 23037551,
            "rate": 233346.82737411078
        },
        "http_req_duration{expected_response:true}": {
            "p(90)": 85.21690100000001,
            "p(95)": 101.5052968,
            "avg": 46.99130159756433,
            "min": 1.967848,
            "med": 40.288844,
            "max": 505.270432
        },
        "late_pacs002_confirmations": {
            "count": 2220,
            "rate": 22.486329244394334
        },
        "grpc_streams": {
            "count": 100,
            "rate": 1.0128977137114565
        },
        "http_reqs": {
            "count": 35059,
            "rate": 355.11180945009954
        },
        "http_req_receiving": {
            "p(95)": 1.8123894999999994,
            "avg": 0.7250600762714219,
            "min": 0.007153,
            "med": 0.040503,
            "max": 227.117115,
            "p(90)": 0.14013680000000012
        },
        "vus": {
            "min": 50,
            "max": 50,
            "value": 50
        },
        "late_transactions": {
            "count": 5167,
            "rate": 52.33642486747096
        },
        "http_req_sending": {
            "p(90)": 0.8980598000000007,
            "p(95)": 4.623777299999989,
            "avg": 0.8518253096494439,
            "min": 0.006075,
            "med": 0.029252,
            "max": 129.800504
        }
    }
}