{
    "metrics": {
        "grpc_streams": {
            "count": 100,
            "rate": 0.9797566726992861
        },
        "confirmation_check_duration": {
            "med": 6561,
            "max": 9216,
            "p(90)": 8244,
            "p(95)": 8411.05,
            "avg": 5828.228395061728,
            "min": 21
        },
        "transactions_in_flight": {
            "max": 167,
            "value": 0,
            "min": 0
        },
        "http_reqs": {
            "count": 42140,
            "rate": 412.86946187547915
        },
        "http_req_duration{expected_response:true}": {
            "max": 324.629713,
            "p(90)": 72.3381935,
            "p(95)": 90.5327170999999,
            "avg": 37.61704121516333,
            "min": 1.758319,
            "med": 29.6679575
        },
        "http_req_waiting": {
            "min": 1.695585,
            "med": 28.071049,
            "max": 324.528733,
            "p(90)": 69.03823759999999,
            "p(95)": 85.8532159499999,
            "avg": 35.78713990906517
        },
        "transaction_failure": {
            "count": 20,
            "rate": 0.19595133453985722
        },
        "http_req_sending": {
            "min": 0.009535,
            "med": 0.0294425,
            "max": 143.830564,
            "p(90)": 1.334936099999999,
            "p(95)": 5.4184322499999835,
            "avg": 0.9865798140009502
        },
        "http_req_failed": {
            "passes": 0,
            "fails": 42140,
            "value": 0
        },
        "status_report_duration": {
            "avg": 39.45185185185185,
            "min": 2,
            "med": 31,
            "max": 332,
            "p(90)": 75,
            "p(95)": 94
        },
        "grpc_streams_msgs_sent": {
            "count": 100,
            "rate": 0.9797566726992861
        },
        "total_transaction_duration": {
            "p(90)": 15875,
            "p(95)": 16152,
            "avg": 11497.634995251661,
            "min": 91,
            "med": 13715,
            "max": 17217,
            "thresholds": {
                "p(99)<4600": true
            }
        },
        "http_req_receiving": {
            "avg": 0.8433214920977714,
            "min": 0.011462,
            "med": 0.039974499999999996,
            "max": 165.294924,
            "p(90)": 0.24493519999999952,
            "p(95)": 3.2598172499999594
        },
        "http_req_blocked": {
            "avg": 0.05689654867109676,
            "min": 0.002641,
            "med": 0.00852,
            "max": 265.671169,
            "p(90)": 0.012690099999999998,
            "p(95)": 0.02187724999999998
        },
        "vus": {
            "min": 43,
            "max": 50,
            "value": 43
        },
        "http_req_tls_handshaking": {
            "min": 0,
            "med": 0,
            "max": 0,
            "p(90)": 0,
            "p(95)": 0,
            "avg": 0
        },
        "http_req_connecting": {
            "avg": 0.01274909584717608,
            "min": 0,
            "med": 0,
            "max": 137.81376,
            "p(90)": 0,
            "p(95)": 0
        },
        "iterations": {
            "count": 50,
            "rate": 0.48987833634964306
        },
        "data_received": {
            "count": 27605338,
            "rate": 270465.1410761917
        },
        "grpc_streams_msgs_received": {
            "count": 63180,
            "rate": 619.010265811409
        },
        "vus_max": {
            "value": 50,
            "min": 50,
            "max": 50
        },
        "http_req_duration": {
            "avg": 37.61704121516333,
            "min": 1.758319,
            "med": 29.6679575,
            "max": 324.629713,
            "p(90)": 72.3381935,
            "p(95)": 90.5327170999999
        },
        "grpc_req_duration": {
            "p(95)": 102046.33547105,
            "avg": 102005.47099139007,
            "min": 101728.841266,
            "med": 102027.23493850001,
            "max": 102052.010193,
            "p(90)": 102042.50999060001
        },
        "checks": {
            "passes": 84260,
            "fails": 20,
            "value": 0.9997626957759849
        },
        "notification_timeouts": {
            "count": 20,
            "rate": 0.19595133453985722
        },
        "transactions_started": {
            "count": 21080,
            "rate": 206.5327066050095
        },
        "iteration_duration": {
            "max": 102063.08605,
            "p(90)": 102051.6517265,
            "p(95)": 102052.73046754999,
            "avg": 102026.11530938004,
            "min": 101742.384579,
            "med": 102043.1580825
        },
        "fetch_messages_duration": {
            "p(90)": 8267,
            "p(95)": 8428,
            "avg": 5593.635246679317,
            "min": 11,
            "med": 6513.5,
            "max": 10094
        },
        "transaction_success": {
            "count": 21060,
            "rate": 206.33675527046967
        },
        "transfer_request_duration": {
            "p(95)": 91,
            "avg": 37.5342504743833,
            "min": 2,
            "med": 29.5,
            "max": 440,
            "p(90)": 72
        },
        "data_sent": {
            "count": 26641068,
            "rate": 261017.64140835425
        }
    },
    "root_group": {
        "name": "",
        "path": "",
        "id": "d41d8cd98f00b204e9800998ecf8427e",
        "groups": {},
        "checks": {
                "transfer request accepted by SPI": {
                    "name": "transfer request accepted by SPI",
                    "path": "::transfer request accepted by SPI",
                    "id": "419a96930eb7943bf5023905eacd3aa6",
                    "passes": 21080,
                    "fails": 0
                },
                "pacs.008 notification received by recebedor": {
                    "name": "pacs.008 notification received by recebedor",
                    "path": "::pacs.008 notification received by recebedor",
                    "id": "93435e0f0af7a25ea42491fbb759fdea",
                    "passes": 21060,
                    "fails": 20
                },
                "status report accepted by SPI": {
                    "name": "status report accepted by SPI",
                    "path": "::status report accepted by SPI",
                    "id": "b2cc99870d55467dc3b3f287d32c1531",
                    "passes": 21060,
                    "fails": 0
                },
                "pacs.002 confirmation received by pagador": {
                    "id": "76c74b03eb4032f43e40bf459d63e6fe",
                    "passes": 21060,
                    "fails": 0,
                    "name": "pacs.002 confirmation received by pagador",
                    "path": "::pacs.002 confirmation received by pagador"
                }
            }
    }
}