{
    "root_group": {
        "id": "d41d8cd98f00b204e9800998ecf8427e",
        "groups": {},
        "checks": {
                "transfer request accepted by SPI": {
                    "name": "transfer request accepted by SPI",
                    "path": "::transfer request accepted by SPI",
                    "id": "419a96930eb7943bf5023905eacd3aa6",
                    "passes": 23831,
                    "fails": 0
                },
                "pacs.008 notification received by recebedor": {
                    "path": "::pacs.008 notification received by recebedor",
                    "id": "93435e0f0af7a25ea42491fbb759fdea",
                    "passes": 23831,
                    "fails": 0,
                    "name": "pacs.008 notification received by recebedor"
                },
                "status report accepted by SPI": {
                    "fails": 0,
                    "name": "status report accepted by SPI",
                    "path": "::status report accepted by SPI",
                    "id": "b2cc99870d55467dc3b3f287d32c1531",
                    "passes": 23831
                },
                "pacs.002 confirmation received by pagador": {
                    "passes": 23831,
                    "fails": 0,
                    "name": "pacs.002 confirmation received by pagador",
                    "path": "::pacs.002 confirmation received by pagador",
                    "id": "76c74b03eb4032f43e40bf459d63e6fe"
                }
            },
        "name": "",
        "path": ""
    },
    "metrics": {
        "grpc_streams_msgs_sent": {
            "count": 100,
            "rate": 1.073275179533725
        },
        "grpc_req_duration": {
            "avg": 93114.87415363,
            "min": 93037.119809,
            "med": 93122.3670885,
            "max": 93164.704263,
            "p(90)": 93155.6234006,
            "p(95)": 93159.57768130001
        },
        "transfer_request_duration": {
            "avg": 31.23733792119508,
            "min": 1,
            "med": 24,
            "max": 376,
            "p(90)": 59,
            "p(95)": 74
        },
        "fetch_messages_duration": {
            "min": 10,
            "med": 2943,
            "max": 5418,
            "p(90)": 3813,
            "p(95)": 3948,
            "avg": 2798.1440560614324
        },
        "http_req_sending": {
            "p(90)": 1.1963614000000016,
            "p(95)": 4.079110349999996,
            "avg": 0.8206946397129719,
            "min": 0.007168,
            "med": 0.028736499999999998,
            "max": 187.512288
        },
        "http_req_failed": {
            "passes": 0,
            "fails": 47662,
            "value": 0
        },
        "transaction_success": {
            "count": 23831,
            "rate": 255.77220803468197
        },
        "data_received": {
            "count": 31278474,
            "rate": 335704.09797890944
        },
        "transactions_started": {
            "count": 23831,
            "rate": 255.77220803468197
        },
        "http_req_tls_handshaking": {
            "max": 0,
            "p(90)": 0,
            "p(95)": 0,
            "avg": 0,
            "min": 0,
            "med": 0
        },
        "http_req_receiving": {
            "avg": 0.5839352563467786,
            "min": 0.009739,
            "med": 0.038852,
            "max": 278.084456,
            "p(90)": 0.15493390000000012,
            "p(95)": 1.6109061999999985
        },
        "checks": {
            "passes": 95324,
            "fails": 0,
            "value": 1
        },
        "status_report_duration": {
            "max": 270,
            "p(90)": 58,
            "p(95)": 72,
            "avg": 30.804204607444085,
            "min": 2,
            "med": 24
        },
        "confirmation_check_duration": {
            "avg": 2750.174310771684,
            "min": 10,
            "med": 2898,
            "max": 4457,
            "p(90)": 3797,
            "p(95)": 3937
        },
        "total_transaction_duration": {
            "avg": 5612.827703411523,
            "min": 59,
            "med": 6035,
            "max": 9468,
            "p(90)": 7395,
            "p(95)": 7562,
            "thresholds": {
                "p(99)<4600": true
            }
        },
        "grpc_streams": {
            "count": 100,
            "rate": 1.073275179533725
        },
        "http_req_duration": {
            "p(90)": 57.6019136,
            "p(95)": 70.85069904999999,
            "avg": 30.332274509861236,
            "min": 1.554768,
            "med": 23.7486855,
            "max": 296.457901
        },
        "http_reqs": {
            "count": 47662,
            "rate": 511.54441606936393
        },
        "http_req_connecting": {
            "min": 0,
            "med": 0,
            "max": 131.819607,
            "p(90)": 0,
            "p(95)": 0,
            "avg": 0.004846901409928245
        },
        "iterations": {
            "count": 50,
            "rate": 0.5366375897668625
        },
        "transactions_in_flight": {
            "max": 127,
            "value": 0,
            "min": 0
        },
        "http_req_blocked": {
            "med": 0.008304,
            "max": 131.953322,
            "p(90)": 0.012172,
            "p(95)": 0.01825729999999996,
            "avg": 0.03731210240862781,
            "min": 0.002224
        },
        "vus_max": {
            "value": 50,
            "min": 50,
            "max": 50
        },
        "data_sent": {
            "count": 30204000,
            "rate": 324172.03522636625
        },
        "vus": {
            "value": 50,
            "min": 50,
            "max": 50
        },
        "http_req_duration{expected_response:true}": {
            "min": 1.554768,
            "med": 23.7486855,
            "max": 296.457901,
            "p(90)": 57.6019136,
            "p(95)": 70.85069904999999,
            "avg": 30.332274509861236
        },
        "iteration_duration": {
            "avg": 93131.95187419998,
            "min": 93052.557127,
            "med": 93133.4509155,
            "max": 93172.030459,
            "p(90)": 93166.0826271,
            "p(95)": 93166.45632945
        },
        "http_req_waiting": {
            "avg": 28.927644613801007,
            "min": 1.499084,
            "med": 22.544352500000002,
            "max": 258.462028,
            "p(90)": 55.14860120000001,
            "p(95)": 67.24244045
        },
        "grpc_streams_msgs_received": {
            "count": 71493,
            "rate": 767.3166241040459
        }
    }
}