{
    "root_group": {
        "groups": {},
        "checks": {
                "transfer request accepted by SPI": {
                    "name": "transfer request accepted by SPI",
                    "path": "::transfer request accepted by SPI",
                    "id": "419a96930eb7943bf5023905eacd3aa6",
                    "passes": 202604,
                    "fails": 0
                },
                "status report accepted by SPI": {
                    "path": "::status report accepted by SPI",
                    "id": "b2cc99870d55467dc3b3f287d32c1531",
                    "passes": 202604,
                    "fails": 0,
                    "name": "status report accepted by SPI"
                },
                "confirmation received": {
                    "name": "confirmation received",
                    "path": "::confirmation received",
                    "id": "cf2b25c1eee1a4f3338ef5954938a451",
                    "passes": 202604,
                    "fails": 0
                }
            },
        "name": "",
        "path": "",
        "id": "d41d8cd98f00b204e9800998ecf8427e"
    },
    "metrics": {
        "status_report_duration": {
            "med": 582,
            "max": 5483,
            "p(90)": 1061,
            "p(95)": 1291,
            "avg": 652.3181082308346,
            "min": 23
        },
        "iteration_duration": {
            "p(90)": 5841.7171616000005,
            "p(95)": 6350.600425849998,
            "avg": 4557.3976532526585,
            "min": 868.496325,
            "med": 4568.14475,
            "max": 11917.998499
        },
        "checks": {
            "passes": 607812,
            "fails": 0,
            "value": 1
        },
        "vus": {
            "max": 8000,
            "value": 7689,
            "min": 7689
        },
        "http_req_duration": {
            "p(95)": 1092.41388675,
            "avg": 475.4296394303314,
            "min": 0.596742,
            "med": 397.95935099999997,
            "max": 5141.098451,
            "p(90)": 862.1336550000001
        },
        "http_req_tls_handshaking": {
            "p(95)": 0,
            "avg": 0,
            "min": 0,
            "med": 0,
            "max": 0,
            "p(90)": 0
        },
        "http_req_failed": {
            "passes": 0,
            "fails": 810416,
            "value": 0
        },
        "http_req_connecting": {
            "avg": 4.824679934882797,
            "min": 0,
            "med": 0,
            "max": 1217.670755,
            "p(90)": 0,
            "p(95)": 0
        },
        "iterations": {
            "count": 202604,
            "rate": 1661.898520863981
        },
        "http_reqs": {
            "count": 810416,
            "rate": 6647.594083455924
        },
        "data_sent": {
            "count": 279703987,
            "rate": 2294326.0857389695
        },
        "http_req_sending": {
            "min": 0.003297,
            "med": 0.01307,
            "max": 2721.423152,
            "p(90)": 0.035754499999999995,
            "p(95)": 0.21951375,
            "avg": 2.622682195732781
        },
        "confirmation_check_duration": {
            "max": 5487,
            "p(90)": 1168,
            "p(95)": 1428,
            "avg": 723.4125881029003,
            "min": 1,
            "med": 651
        },
        "data_received": {
            "count": 444629494,
            "rate": 3647159.4756821203
        },
        "http_req_duration{expected_response:true}": {
            "p(95)": 1092.41388675,
            "avg": 475.4296394303314,
            "min": 0.596742,
            "med": 397.95935099999997,
            "max": 5141.098451,
            "p(90)": 862.1336550000001
        },
        "fetch_messages_duration": {
            "avg": 735.9080521608655,
            "min": 21,
            "med": 660,
            "max": 5521,
            "p(90)": 1182,
            "p(95)": 1465.8499999999767
        },
        "http_req_blocked": {
            "avg": 4.9382407167356455,
            "min": 0.000946,
            "med": 0.004262,
            "max": 1966.483117,
            "p(90)": 0.006759,
            "p(95)": 0.008265
        },
        "vus_max": {
            "value": 8000,
            "min": 8000,
            "max": 8000
        },
        "transfer_request_duration": {
            "med": 676,
            "max": 5547,
            "p(90)": 1229,
            "p(95)": 1413,
            "avg": 753.4827446644687,
            "min": 35
        },
        "total_transaction_duration": {
            "avg": 4273.646043513455,
            "min": 868,
            "med": 4259,
            "max": 11918,
            "p(90)": 5469,
            "p(95)": 5966,
            "thresholds": {
                "p(99)<4000": true
            }
        },
        "http_req_waiting": {
            "avg": 467.62931491727875,
            "min": 0.567024,
            "med": 391.14953749999995,
            "max": 5135.206727,
            "p(90)": 854.0199379999999,
            "p(95)": 1079.958782
        },
        "http_req_receiving": {
            "med": 0.021896,
            "max": 1889.626066,
            "p(90)": 0.3118425,
            "p(95)": 2.2597285,
            "avg": 5.177642317304915,
            "min": 0.005386
        },
        "transaction_success": {
            "count": 202604,
            "rate": 1661.898520863981
        }
    }
}