{
    "root_group": {
        "name": "",
        "path": "",
        "id": "d41d8cd98f00b204e9800998ecf8427e",
        "groups": {},
        "checks": {
                "transfer request accepted by SPI": {
                    "name": "transfer request accepted by SPI",
                    "path": "::transfer request accepted by SPI",
                    "id": "419a96930eb7943bf5023905eacd3aa6",
                    "passes": 203390,
                    "fails": 0
                },
                "status report accepted by SPI": {
                    "path": "::status report accepted by SPI",
                    "id": "b2cc99870d55467dc3b3f287d32c1531",
                    "passes": 203390,
                    "fails": 0,
                    "name": "status report accepted by SPI"
                },
                "confirmation received": {
                    "name": "confirmation received",
                    "path": "::confirmation received",
                    "id": "cf2b25c1eee1a4f3338ef5954938a451",
                    "passes": 203390,
                    "fails": 0
                }
            }
    },
    "metrics": {
        "http_req_receiving": {
            "avg": 3.3176718785720327,
            "min": 0.008491,
            "med": 0.0218375,
            "max": 1450.030315,
            "p(90)": 0.28256669999999984,
            "p(95)": 0.4652764499999994
        },
        "total_transaction_duration": {
            "p(90)": 5267,
            "p(95)": 5612,
            "avg": 4277.051757706869,
            "min": 1402,
            "med": 4264,
            "max": 10493,
            "thresholds": {
                "p(99)<4000": true
            }
        },
        "transaction_success": {
            "count": 203390,
            "rate": 1660.2555947214482
        },
        "data_received": {
            "count": 446360229,
            "rate": 3643601.2953360383
        },
        "http_req_connecting": {
            "avg": 6.957250830647987,
            "min": 0,
            "med": 0,
            "max": 1996.968352,
            "p(90)": 0,
            "p(95)": 0
        },
        "http_req_waiting": {
            "p(90)": 850.9582271999998,
            "p(95)": 1123.591926249999,
            "avg": 482.0774393640994,
            "min": 0.555335,
            "med": 418.646822,
            "max": 4670.280985
        },
        "http_reqs": {
            "count": 813560,
            "rate": 6641.022378885793
        },
        "status_report_duration": {
            "avg": 705.9021780815183,
            "min": 3,
            "med": 649,
            "max": 5627,
            "p(90)": 1136,
            "p(95)": 1396
        },
        "confirmation_check_duration": {
            "p(90)": 1217.1000000000058,
            "p(95)": 1441,
            "avg": 738.6619007817493,
            "min": 1,
            "med": 676,
            "max": 5212
        },
        "vus": {
            "value": 3786,
            "min": 3786,
            "max": 8000
        },
        "data_sent": {
            "count": 280791064,
            "rate": 2292074.0201277756
        },
        "checks": {
            "passes": 610170,
            "fails": 0,
            "value": 1
        },
        "fetch_messages_duration": {
            "max": 5432,
            "p(90)": 1205,
            "p(95)": 1407,
            "avg": 734.4824180146517,
            "min": 22,
            "med": 676
        },
        "iterations": {
            "count": 203390,
            "rate": 1660.2555947214482
        },
        "vus_max": {
            "value": 8000,
            "min": 8000,
            "max": 8000
        },
        "http_req_failed": {
            "fails": 813560,
            "passes": 0,
            "value": 0
        },
        "transfer_request_duration": {
            "avg": 754.8610206991494,
            "min": 31,
            "med": 677,
            "max": 6712,
            "p(90)": 1262,
            "p(95)": 1508
        },
        "iteration_duration": {
            "p(90)": 5637.7354018999995,
            "p(95)": 5986.6130351,
            "avg": 4545.191203372915,
            "min": 1402.081891,
            "med": 4560.3540215,
            "max": 11122.10362
        },
        "http_req_blocked": {
            "p(95)": 0.008187,
            "avg": 7.105546327479351,
            "min": 0.001705,
            "med": 0.004225,
            "max": 1997.000038,
            "p(90)": 0.006705
        },
        "http_req_duration{expected_response:true}": {
            "avg": 488.8844374774057,
            "min": 0.595829,
            "med": 425.4122315,
            "max": 5503.992516,
            "p(90)": 857.6502290999999,
            "p(95)": 1144.1319035499994
        },
        "http_req_tls_handshaking": {
            "p(95)": 0,
            "avg": 0,
            "min": 0,
            "med": 0,
            "max": 0,
            "p(90)": 0
        },
        "http_req_sending": {
            "min": 0.004966,
            "med": 0.013073,
            "max": 1720.712946,
            "p(90)": 0.057450499999999884,
            "p(95)": 0.23966409999999985,
            "avg": 3.4893262347326015
        },
        "http_req_duration": {
            "p(90)": 857.6502290999999,
            "p(95)": 1144.1319035499994,
            "avg": 488.8844374774057,
            "min": 0.595829,
            "med": 425.4122315,
            "max": 5503.992516
        }
    }
}