{
    "metrics": {
        "transaction_failure": {
            "count": 7,
            "rate": 0.0763658867088651
        },
        "vus_max": {
            "min": 50,
            "max": 50,
            "value": 50
        },
        "data_sent": {
            "count": 34312730,
            "rate": 374331.72169312526
        },
        "http_req_failed": {
            "passes": 0,
            "fails": 54045,
            "value": 0
        },
        "confirmation_check_duration": {
            "min": 10,
            "med": 879,
            "max": 3213,
            "p(90)": 1718,
            "p(95)": 1892,
            "avg": 899.3735889559199
        },
        "http_reqs": {
            "rate": 589.5991924543736,
            "count": 54045
        },
        "iteration_duration": {
            "p(95)": 91660.53046375,
            "avg": 91571.64464442006,
            "min": 91472.086588,
            "med": 91565.047089,
            "max": 91663.396136,
            "p(90)": 91657.508564
        },
        "transactions_in_flight": {
            "min": 0,
            "max": 98,
            "value": 0
        },
        "http_req_duration{expected_response:true}": {
            "min": 1.349942,
            "med": 17.294668,
            "max": 276.666398,
            "p(90)": 68.2038256,
            "p(95)": 77.38750259999998,
            "avg": 28.813268815838747
        },
        "grpc_streams_msgs_sent": {
            "count": 100,
            "rate": 1.090941238698073
        },
        "http_req_sending": {
            "p(90)": 0.3033017999999996,
            "p(95)": 1.0026161999999992,
            "avg": 0.2949948356369696,
            "min": 0.007116,
            "med": 0.024385,
            "max": 59.343984
        },
        "http_req_blocked": {
            "max": 29.602406,
            "p(90)": 0.010196,
            "p(95)": 0.012570399999999987,
            "avg": 0.01779445763715418,
            "min": 0.001842,
            "med": 0.006902
        },
        "checks": {
            "passes": 108083,
            "fails": 7,
            "value": 0.9999352391525581
        },
        "status_report_duration": {
            "med": 18,
            "max": 281,
            "p(90)": 70,
            "p(95)": 78,
            "avg": 30.281801695103447,
            "min": 2
        },
        "http_req_receiving": {
            "min": 0.00777,
            "med": 0.032785,
            "max": 73.667265,
            "p(90)": 0.10720599999999991,
            "p(95)": 0.435704399999998,
            "avg": 0.21332224577666808
        },
        "transactions_started": {
            "count": 27026,
            "rate": 294.8377791705412
        },
        "grpc_streams_msgs_received": {
            "count": 81057,
            "rate": 884.284239851497
        },
        "grpc_streams": {
            "count": 100,
            "rate": 1.090941238698073
        },
        "http_req_duration": {
            "p(90)": 68.2038256,
            "p(95)": 77.38750259999998,
            "avg": 28.813268815838747,
            "min": 1.349942,
            "med": 17.294668,
            "max": 276.666398
        },
        "data_received": {
            "count": 35492774,
            "rate": 387205.30832390755
        },
        "grpc_req_duration": {
            "avg": 91553.69949532002,
            "min": 91443.822721,
            "med": 91551.6626845,
            "max": 91655.575314,
            "p(90)": 91638.2049172,
            "p(95)": 91644.97350645
        },
        "iterations": {
            "count": 50,
            "rate": 0.5454706193490365
        },
        "vus": {
            "value": 50,
            "min": 50,
            "max": 50
        },
        "http_req_connecting": {
            "p(90)": 0,
            "p(95)": 0,
            "avg": 0.0013729590526413177,
            "min": 0,
            "med": 0,
            "max": 16.936175
        },
        "http_req_waiting": {
            "med": 16.75858,
            "max": 276.538473,
            "p(90)": 67.7138688,
            "p(95)": 76.64953639999997,
            "avg": 28.304951734425238,
            "min": 1.287116
        },
        "transaction_success": {
            "count": 27019,
            "rate": 294.7614132838323
        },
        "notification_timeouts": {
            "count": 7,
            "rate": 0.0763658867088651
        },
        "transfer_request_duration": {
            "avg": 28.133168060386296,
            "min": 1,
            "med": 17,
            "max": 277,
            "p(90)": 67,
            "p(95)": 77
        },
        "fetch_messages_duration": {
            "p(90)": 1811,
            "p(95)": 1963,
            "avg": 918.3547324798342,
            "min": 10,
            "med": 867,
            "max": 10108
        },
        "total_transaction_duration": {
            "p(90)": 3469,
            "p(95)": 3807,
            "avg": 1875.2010807209742,
            "min": 128,
            "med": 1874,
            "max": 5263,
            "thresholds": {
                "p(99)<4600": false
            }
        },
        "http_req_tls_handshaking": {
            "min": 0,
            "med": 0,
            "max": 0,
            "p(90)": 0,
            "p(95)": 0,
            "avg": 0
        }
    },
    "root_group": {
        "groups": {},
        "checks": {
                "transfer request accepted by SPI": {
                    "id": "419a96930eb7943bf5023905eacd3aa6",
                    "passes": 27026,
                    "fails": 0,
                    "name": "transfer request accepted by SPI",
                    "path": "::transfer request accepted by SPI"
                },
                "pacs.008 notification received by recebedor": {
                    "path": "::pacs.008 notification received by recebedor",
                    "id": "93435e0f0af7a25ea42491fbb759fdea",
                    "passes": 27019,
                    "fails": 7,
                    "name": "pacs.008 notification received by recebedor"
                },
                "status report accepted by SPI": {
                    "id": "b2cc99870d55467dc3b3f287d32c1531",
                    "passes": 27019,
                    "fails": 0,
                    "name": "status report accepted by SPI",
                    "path": "::status report accepted by SPI"
                },
                "pacs.002 confirmation received by pagador": {
                    "name": "pacs.002 confirmation received by pagador",
                    "path": "::pacs.002 confirmation received by pagador",
                    "id": "76c74b03eb4032f43e40bf459d63e6fe",
                    "passes": 27019,
                    "fails": 0
                }
            },
        "name": "",
        "path": "",
        "id": "d41d8cd98f00b204e9800998ecf8427e"
    }
}